custno,volume,weight,material_typ,frequency,dowcd_BEF,week_BEF,day_BEF,changed,week_AFT,day_AFT,AFT_MON,AFT_TUE,AFT_WED,AFT_THU,AFT_FRI
11161428,2.0,60.0,1,1,4,"(4,)","(1, 0, 0, 0, 0)",1,"(2,)","(1, 0, 0, 0, 0, 0, 0)",1,0,0,0,0
11161429,4.0,120.0,1,1,4,"(4,)","(1, 0, 0, 0, 0)",1,"(3,)","(0, 0, 0, 1, 0, 0, 0)",0,0,0,1,0
11161430,4.0,120.0,1,1,O,"(1, 3)","(1, 0, 0, 0, 0)",1,"(1, 3)","(0, 0, 0, 1, 0, 0, 0)",0,0,0,1,0
11161433,4.0,120.0,1,1,O,"(1, 3)","(1, 0, 0, 0, 0)",0,"(1, 3)","(1, 0, 0, 0, 0)",1,0,0,0,0
11161434,4.0,120.0,1,1,O,"(1, 3)","(1, 0, 0, 0, 0)",1,"(1, 3)","(0, 0, 1, 0, 0, 0, 0)",0,0,1,0,0
11161435,4.0,120.0,1,1,4,"(4,)","(1, 0, 0, 0, 0)",1,"(1,)","(0, 0, 0, 1, 0, 0, 0)",0,0,0,1,0
11161439,2.0,60.0,1,1,4,"(4,)","(1, 0, 0, 0, 0)",1,"(2,)","(1, 0, 0, 0, 0)",1,0,0,0,0
11161440,6.0,180.0,1,1,4,"(4,)","(1, 0, 0, 0, 0)",1,"(4,)","(1, 0, 0, 0, 0, 0, 0)",1,0,0,0,0
11161441,4.0,120.0,1,1,4,"(4,)","(1, 0, 0, 0, 0)",1,"(1,)","(1, 0, 0, 0, 0, 0, 0)",1,0,0,0,0
11161442,4.0,120.0,1,1,4,"(4,)","(1, 0, 0, 0, 0)",1,"(3,)","(0, 0, 1, 0, 0, 0, 0)",0,0,1,0,0
11161443,2.0,60.0,1,1,4,"(4,)","(1, 0, 0, 0, 0)",1,"(1,)","(0, 0, 1, 0, 0, 0, 0)",0,0,1,0,0
11161444,4.0,120.0,1,1,4,"(4,)","(1, 0, 0, 0, 0)",1,"(1,)","(0, 0, 1, 0, 0, 0, 0)",0,0,1,0,0
11161445,4.0,120.0,1,1,4,"(4,)","(1, 0, 0, 0, 0)",1,"(2,)","(0, 0, 0, 1, 0, 0, 0)",0,0,0,1,0
11161446,4.0,120.0,1,1,4,"(4,)","(1, 0, 0, 0, 0)",1,"(2,)","(0, 0, 0, 1, 0, 0, 0)",0,0,0,1,0
11161448,6.0,180.0,1,1,O,"(1, 3)","(1, 0, 0, 0, 0)",1,"(2, 4)","(0, 0, 0, 1, 0, 0, 0)",0,0,0,1,0
11161449,2.0,60.0,1,1,4,"(4,)","(1, 0, 0, 0, 0)",1,"(4,)","(0, 0, 1, 0, 0, 0, 0)",0,0,1,0,0
11161450,4.0,120.0,1,1,4,"(4,)","(1, 0, 0, 0, 0)",1,"(2,)","(1, 0, 0, 0, 0)",1,0,0,0,0
11161451,4.0,120.0,1,1,4,"(4,)","(1, 0, 0, 0, 0)",1,"(4,)","(0, 0, 1, 0, 0, 0, 0)",0,0,1,0,0
11161452,4.0,120.0,1,1,4,"(4,)","(1, 0, 0, 0, 0)",1,"(3,)","(1, 0, 0, 0, 0, 0, 0)",1,0,0,0,0
11161453,4.0,120.0,1,1,4,"(4,)","(1, 0, 0, 0, 0)",1,"(4,)","(0, 0, 1, 0, 0, 0, 0)",0,0,1,0,0
11161454,2.0,60.0,1,1,4,"(4,)","(1, 0, 0, 0, 0)",1,"(1,)","(0, 0, 1, 0, 0, 0, 0)",0,0,1,0,0
11161460,4.0,120.0,1,1,4,"(4,)","(1, 0, 0, 0, 0)",1,"(4,)","(0, 0, 0, 1, 0, 0, 0)",0,0,0,1,0
11161462,2.0,60.0,1,1,4,"(4,)","(1, 0, 0, 0, 0)",1,"(4,)","(0, 0, 0, 1, 0, 0, 0)",0,0,0,1,0
11161463,4.0,120.0,1,1,4,"(4,)","(1, 0, 0, 0, 0)",1,"(1,)","(0, 0, 0, 1, 0, 0, 0)",0,0,0,1,0
11161464,2.0,60.0,1,1,4,"(4,)","(1, 0, 0, 0, 0)",1,"(4,)","(0, 0, 1, 0, 0, 0, 0)",0,0,1,0,0
11161465,6.0,180.0,1,1,4,"(4,)","(1, 0, 0, 0, 0)",1,"(4,)","(0, 0, 0, 1, 0, 0, 0)",0,0,0,1,0
11161466,8.0,240.0,1,1,4,"(4,)","(1, 0, 0, 0, 0)",1,"(4,)","(0, 0, 1, 0, 0, 0, 0)",0,0,1,0,0
11161467,4.0,120.0,1,1,4,"(4,)","(1, 0, 0, 0, 0)",1,"(3,)","(1, 0, 0, 0, 0)",1,0,0,0,0
11161468,2.0,60.0,1,1,4,"(4,)","(1, 0, 0, 0, 0)",1,"(3,)","(1, 0, 0, 0, 0, 0, 0)",1,0,0,0,0
11161470,2.0,60.0,1,1,4,"(4,)","(1, 0, 0, 0, 0)",1,"(2,)","(0, 0, 0, 1, 0, 0, 0)",0,0,0,1,0
11161471,2.0,60.0,1,1,4,"(4,)","(1, 0, 0, 0, 0)",1,"(3,)","(1, 0, 0, 0, 0)",1,0,0,0,0
11161473,4.0,120.0,1,1,4,"(4,)","(1, 0, 0, 0, 0)",1,"(2,)","(0, 0, 0, 1, 0, 0, 0)",0,0,0,1,0
11161474,4.0,120.0,1,1,A,"(1, 2, 3, 4)","(1, 0, 0, 0, 0)",0,"(1, 2, 3, 4)","(1, 0, 0, 0, 0)",1,0,0,0,0
11161475,4.0,120.0,1,1,4,"(4,)","(1, 0, 0, 0, 0)",1,"(4,)","(1, 0, 0, 0, 0, 0, 0)",1,0,0,0,0
11161476,8.0,240.0,1,1,4,"(4,)","(1, 0, 0, 0, 0)",1,"(3,)","(1, 0, 0, 0, 0)",1,0,0,0,0
11161477,2.0,60.0,1,1,4,"(4,)","(1, 0, 0, 0, 0)",1,"(4,)","(0, 0, 1, 0, 0, 0, 0)",0,0,1,0,0
11161478,2.0,60.0,1,1,4,"(4,)","(1, 0, 0, 0, 0)",1,"(1,)","(1, 0, 0, 0, 0)",1,0,0,0,0
11161479,2.0,60.0,1,1,4,"(4,)","(1, 0, 0, 0, 0)",1,"(1,)","(0, 0, 0, 1, 0, 0, 0)",0,0,0,1,0
11161482,2.0,60.0,1,1,4,"(4,)","(1, 0, 0, 0, 0)",0,"(4,)","(1, 0, 0, 0, 0)",1,0,0,0,0
11161483,4.0,120.0,1,1,4,"(4,)","(1, 0, 0, 0, 0)",1,"(3,)","(0, 0, 0, 1, 0, 0, 0)",0,0,0,1,0
11161484,2.0,60.0,1,1,4,"(4,)","(1, 0, 0, 0, 0)",1,"(4,)","(0, 0, 1, 0, 0, 0, 0)",0,0,1,0,0
11161485,2.0,60.0,1,1,4,"(4,)","(1, 0, 0, 0, 0)",1,"(3,)","(0, 0, 0, 1, 0, 0, 0)",0,0,0,1,0
11161486,8.0,240.0,1,1,O,"(1, 3)","(1, 0, 0, 0, 0)",1,"(2, 4)","(0, 0, 0, 1, 0, 0, 0)",0,0,0,1,0
11161487,4.0,120.0,1,1,4,"(4,)","(1, 0, 0, 0, 0)",1,"(2,)","(0, 0, 1, 0, 0, 0, 0)",0,0,1,0,0
11161488,8.0,240.0,1,1,A,"(1, 2, 3, 4)","(1, 0, 0, 0, 0)",1,"(1, 2, 3, 4)","(0, 0, 0, 1, 0, 0, 0)",0,0,0,1,0
11161489,4.0,120.0,1,1,4,"(4,)","(1, 0, 0, 0, 0)",1,"(4,)","(1, 0, 0, 0, 0, 0, 0)",1,0,0,0,0
11161490,6.0,180.0,1,1,O,"(1, 3)","(1, 0, 0, 0, 0)",1,"(2, 4)","(1, 0, 0, 0, 0, 0, 0)",1,0,0,0,0
11161491,4.0,120.0,1,1,O,"(1, 3)","(1, 0, 0, 0, 0)",1,"(1, 3)","(0, 0, 0, 1, 0, 0, 0)",0,0,0,1,0
11161492,4.0,120.0,1,1,4,"(4,)","(1, 0, 0, 0, 0)",0,"(4,)","(1, 0, 0, 0, 0)",1,0,0,0,0
11161493,4.0,120.0,1,1,4,"(4,)","(1, 0, 0, 0, 0)",1,"(3,)","(0, 0, 0, 1, 0, 0, 0)",0,0,0,1,0
11161494,4.0,120.0,1,1,4,"(4,)","(1, 0, 0, 0, 0)",1,"(2,)","(0, 0, 0, 1, 0, 0, 0)",0,0,0,1,0
11161495,4.0,120.0,1,1,4,"(4,)","(1, 0, 0, 0, 0)",1,"(4,)","(0, 0, 0, 1, 0, 0, 0)",0,0,0,1,0
11161496,2.0,60.0,1,1,4,"(4,)","(1, 0, 0, 0, 0)",1,"(1,)","(0, 0, 0, 1, 0, 0, 0)",0,0,0,1,0
11161497,2.0,60.0,1,1,4,"(4,)","(1, 0, 0, 0, 0)",1,"(1,)","(0, 0, 1, 0, 0, 0, 0)",0,0,1,0,0
11161498,2.0,60.0,1,1,4,"(4,)","(1, 0, 0, 0, 0)",1,"(4,)","(0, 0, 0, 1, 0, 0, 0)",0,0,0,1,0
11161499,2.0,60.0,1,1,4,"(4,)","(1, 0, 0, 0, 0)",1,"(2,)","(0, 0, 1, 0, 0, 0, 0)",0,0,1,0,0
11161500,4.0,120.0,1,1,4,"(4,)","(1, 0, 0, 0, 0)",1,"(1,)","(1, 0, 0, 0, 0)",1,0,0,0,0
11161501,4.0,120.0,1,1,4,"(4,)","(1, 0, 0, 0, 0)",1,"(3,)","(1, 0, 0, 0, 0)",1,0,0,0,0
11161502,2.0,60.0,1,1,4,"(4,)","(1, 0, 0, 0, 0)",1,"(2,)","(0, 0, 0, 1, 0, 0, 0)",0,0,0,1,0
11161503,2.0,60.0,1,1,4,"(4,)","(1, 0, 0, 0, 0)",1,"(2,)","(0, 0, 0, 1, 0, 0, 0)",0,0,0,1,0
11161504,4.0,120.0,1,1,4,"(4,)","(1, 0, 0, 0, 0)",1,"(3,)","(1, 0, 0, 0, 0, 0, 0)",1,0,0,0,0
11161505,2.0,60.0,1,1,O,"(1, 3)","(1, 0, 0, 0, 0)",1,"(2, 4)","(0, 0, 0, 1, 0, 0, 0)",0,0,0,1,0
11161506,4.0,120.0,1,1,O,"(1, 3)","(1, 0, 0, 0, 0)",1,"(1, 3)","(0, 0, 1, 0, 0, 0, 0)",0,0,1,0,0
11161507,2.0,60.0,1,1,4,"(4,)","(1, 0, 0, 0, 0)",1,"(3,)","(1, 0, 0, 0, 0)",1,0,0,0,0
11161508,4.0,120.0,1,1,A,"(1, 2, 3, 4)","(1, 0, 0, 0, 0)",1,"(1, 2, 3, 4)","(0, 0, 0, 1, 0, 0, 0)",0,0,0,1,0
11161509,2.0,60.0,1,1,4,"(4,)","(1, 0, 0, 0, 0)",1,"(3,)","(0, 0, 0, 1, 0, 0, 0)",0,0,0,1,0
11161511,2.0,60.0,1,1,4,"(4,)","(1, 0, 0, 0, 0)",1,"(3,)","(0, 0, 0, 1, 0, 0, 0)",0,0,0,1,0
11161512,4.0,120.0,1,1,4,"(4,)","(1, 0, 0, 0, 0)",1,"(2,)","(1, 0, 0, 0, 0)",1,0,0,0,0
11161513,2.0,60.0,1,1,4,"(4,)","(1, 0, 0, 0, 0)",1,"(2,)","(0, 0, 0, 1, 0, 0, 0)",0,0,0,1,0
11161514,2.0,60.0,1,1,4,"(4,)","(1, 0, 0, 0, 0)",1,"(1,)","(0, 0, 0, 1, 0, 0, 0)",0,0,0,1,0
11161515,2.0,60.0,1,1,4,"(4,)","(1, 0, 0, 0, 0)",1,"(4,)","(1, 0, 0, 0, 0, 0, 0)",1,0,0,0,0
11161516,2.0,60.0,1,1,4,"(4,)","(1, 0, 0, 0, 0)",1,"(2,)","(0, 0, 0, 1, 0, 0, 0)",0,0,0,1,0
11161517,6.0,180.0,1,1,4,"(4,)","(1, 0, 0, 0, 0)",1,"(1,)","(0, 0, 0, 1, 0, 0, 0)",0,0,0,1,0
11161518,16.0,480.0,1,1,A,"(1, 2, 3, 4)","(1, 0, 0, 0, 0)",1,"(1, 2, 3, 4)","(0, 0, 0, 1, 0, 0, 0)",0,0,0,1,0
11161519,6.0,180.0,1,1,4,"(4,)","(1, 0, 0, 0, 0)",1,"(3,)","(1, 0, 0, 0, 0, 0, 0)",1,0,0,0,0
11161520,4.0,120.0,1,1,4,"(4,)","(1, 0, 0, 0, 0)",1,"(4,)","(0, 0, 0, 1, 0, 0, 0)",0,0,0,1,0
11161521,4.0,120.0,1,1,O,"(1, 3)","(1, 0, 0, 0, 0)",1,"(1, 3)","(0, 0, 1, 0, 0, 0, 0)",0,0,1,0,0
11161522,8.0,240.0,1,1,O,"(1, 3)","(1, 0, 0, 0, 0)",1,"(2, 4)","(1, 0, 0, 0, 0)",1,0,0,0,0
11161523,2.0,60.0,1,1,4,"(4,)","(1, 0, 0, 0, 0)",1,"(2,)","(0, 0, 0, 1, 0, 0, 0)",0,0,0,1,0
11161524,4.0,120.0,1,1,4,"(4,)","(1, 0, 0, 0, 0)",1,"(4,)","(0, 0, 0, 1, 0, 0, 0)",0,0,0,1,0
11161525,6.0,180.0,1,1,4,"(4,)","(1, 0, 0, 0, 0)",1,"(3,)","(1, 0, 0, 0, 0)",1,0,0,0,0
11161526,2.0,60.0,1,1,4,"(4,)","(1, 0, 0, 0, 0)",1,"(3,)","(0, 0, 0, 1, 0, 0, 0)",0,0,0,1,0
11161527,4.0,120.0,1,1,O,"(1, 3)","(1, 0, 0, 0, 0)",1,"(1, 3)","(0, 0, 1, 0, 0, 0, 0)",0,0,1,0,0
11161528,2.0,60.0,1,1,4,"(4,)","(1, 0, 0, 0, 0)",0,"(4,)","(1, 0, 0, 0, 0)",1,0,0,0,0
11161530,2.0,60.0,1,1,4,"(4,)","(1, 0, 0, 0, 0)",0,"(4,)","(1, 0, 0, 0, 0)",1,0,0,0,0
11161531,6.0,180.0,1,1,A,"(1, 2, 3, 4)","(1, 0, 0, 0, 0)",1,"(1, 2, 3, 4)","(1, 0, 0, 0, 0, 0, 0)",1,0,0,0,0
11161532,6.0,180.0,1,1,O,"(1, 3)","(1, 0, 0, 0, 0)",1,"(2, 4)","(0, 0, 0, 1, 0, 0, 0)",0,0,0,1,0
11161534,2.0,60.0,1,1,4,"(4,)","(1, 0, 0, 0, 0)",1,"(1,)","(0, 0, 1, 0, 0, 0, 0)",0,0,1,0,0
11161536,2.0,60.0,1,1,4,"(4,)","(1, 0, 0, 0, 0)",1,"(2,)","(0, 0, 0, 1, 0, 0, 0)",0,0,0,1,0
11161537,6.0,180.0,1,1,4,"(4,)","(1, 0, 0, 0, 0)",1,"(4,)","(1, 0, 0, 0, 0, 0, 0)",1,0,0,0,0
11161538,4.0,120.0,1,1,O,"(1, 3)","(1, 0, 0, 0, 0)",1,"(1, 3)","(1, 0, 0, 0, 0, 0, 0)",1,0,0,0,0
11161539,4.0,120.0,1,1,4,"(4,)","(1, 0, 0, 0, 0)",1,"(2,)","(0, 0, 1, 0, 0, 0, 0)",0,0,1,0,0
11161540,2.0,60.0,1,1,O,"(1, 3)","(1, 0, 0, 0, 0)",1,"(2, 4)","(1, 0, 0, 0, 0, 0, 0)",1,0,0,0,0
11161541,2.0,60.0,1,1,4,"(4,)","(1, 0, 0, 0, 0)",1,"(1,)","(0, 0, 0, 1, 0, 0, 0)",0,0,0,1,0
11161542,6.0,180.0,1,1,O,"(1, 3)","(1, 0, 0, 0, 0)",1,"(2, 4)","(0, 0, 1, 0, 0, 0, 0)",0,0,1,0,0
11161543,4.0,120.0,1,1,4,"(4,)","(1, 0, 0, 0, 0)",1,"(1,)","(0, 0, 0, 1, 0, 0, 0)",0,0,0,1,0
11161544,2.0,60.0,1,1,O,"(1, 3)","(1, 0, 0, 0, 0)",1,"(2, 4)","(0, 0, 0, 1, 0, 0, 0)",0,0,0,1,0
11161545,2.0,60.0,1,1,A,"(1, 2, 3, 4)","(1, 0, 0, 0, 0)",1,"(1, 2, 3, 4)","(1, 0, 0, 0, 0, 0, 0)",1,0,0,0,0
11161546,2.0,60.0,1,1,4,"(4,)","(1, 0, 0, 0, 0)",1,"(3,)","(0, 0, 0, 1, 0, 0, 0)",0,0,0,1,0
11161548,2.0,60.0,1,1,O,"(1, 3)","(1, 0, 0, 0, 0)",1,"(1, 3)","(0, 0, 0, 1, 0, 0, 0)",0,0,0,1,0
11161550,2.0,60.0,1,1,4,"(4,)","(1, 0, 0, 0, 0)",1,"(1,)","(1, 0, 0, 0, 0, 0, 0)",1,0,0,0,0
11161552,2.0,60.0,1,1,4,"(4,)","(1, 0, 0, 0, 0)",1,"(3,)","(0, 0, 1, 0, 0, 0, 0)",0,0,1,0,0
11161553,6.0,180.0,1,1,4,"(4,)","(1, 0, 0, 0, 0)",1,"(4,)","(0, 0, 0, 1, 0, 0, 0)",0,0,0,1,0
11161554,4.0,120.0,1,1,4,"(4,)","(1, 0, 0, 0, 0)",1,"(1,)","(0, 0, 0, 1, 0, 0, 0)",0,0,0,1,0
11161555,2.0,60.0,1,1,4,"(4,)","(1, 0, 0, 0, 0)",1,"(3,)","(1, 0, 0, 0, 0, 0, 0)",1,0,0,0,0
11161556,4.0,120.0,1,1,O,"(1, 3)","(1, 0, 0, 0, 0)",1,"(1, 3)","(0, 0, 1, 0, 0, 0, 0)",0,0,1,0,0
11161557,6.0,180.0,1,1,A,"(1, 2, 3, 4)","(1, 0, 0, 0, 0)",1,"(1, 2, 3, 4)","(0, 0, 1, 0, 0, 0, 0)",0,0,1,0,0
11161560,4.0,120.0,1,1,4,"(4,)","(1, 0, 0, 0, 0)",1,"(2,)","(1, 0, 0, 0, 0, 0, 0)",1,0,0,0,0
11161561,6.0,180.0,1,1,O,"(1, 3)","(1, 0, 0, 0, 0)",1,"(2, 4)","(0, 0, 1, 0, 0, 0, 0)",0,0,1,0,0
11161562,2.0,60.0,1,1,4,"(4,)","(1, 0, 0, 0, 0)",1,"(4,)","(0, 0, 0, 1, 0, 0, 0)",0,0,0,1,0
11161563,2.0,60.0,1,1,A,"(1, 2, 3, 4)","(1, 0, 0, 0, 0)",1,"(1, 2, 3, 4)","(0, 0, 1, 0, 0, 0, 0)",0,0,1,0,0
11161564,4.0,120.0,1,1,O,"(1, 3)","(1, 0, 0, 0, 0)",1,"(2, 4)","(0, 0, 1, 0, 0, 0, 0)",0,0,1,0,0
11161565,4.0,120.0,1,1,4,"(4,)","(1, 0, 0, 0, 0)",1,"(2,)","(0, 0, 1, 0, 0, 0, 0)",0,0,1,0,0
11161566,6.0,180.0,1,1,4,"(4,)","(1, 0, 0, 0, 0)",1,"(1,)","(0, 0, 1, 0, 0, 0, 0)",0,0,1,0,0
11161567,4.0,120.0,1,1,O,"(1, 3)","(1, 0, 0, 0, 0)",1,"(2, 4)","(0, 0, 1, 0, 0, 0, 0)",0,0,1,0,0
11161569,4.0,120.0,1,1,O,"(1, 3)","(1, 0, 0, 0, 0)",1,"(1, 3)","(0, 0, 1, 0, 0, 0, 0)",0,0,1,0,0
11161570,6.0,180.0,1,1,4,"(4,)","(1, 0, 0, 0, 0)",1,"(4,)","(0, 0, 1, 0, 0, 0, 0)",0,0,1,0,0
11161571,2.0,60.0,1,1,4,"(4,)","(1, 0, 0, 0, 0)",1,"(1,)","(0, 0, 0, 1, 0, 0, 0)",0,0,0,1,0
11161573,4.0,120.0,1,1,4,"(4,)","(1, 0, 0, 0, 0)",1,"(2,)","(0, 0, 1, 0, 0, 0, 0)",0,0,1,0,0
11161574,4.0,120.0,1,1,O,"(1, 3)","(1, 0, 0, 0, 0)",1,"(2, 4)","(0, 0, 1, 0, 0, 0, 0)",0,0,1,0,0
11161575,4.0,120.0,1,1,4,"(4,)","(1, 0, 0, 0, 0)",1,"(4,)","(0, 0, 0, 1, 0, 0, 0)",0,0,0,1,0
11161576,2.0,60.0,1,1,4,"(4,)","(1, 0, 0, 0, 0)",1,"(3,)","(0, 0, 1, 0, 0, 0, 0)",0,0,1,0,0
11161577,2.0,60.0,1,1,4,"(4,)","(1, 0, 0, 0, 0)",1,"(3,)","(0, 0, 0, 1, 0, 0, 0)",0,0,0,1,0
11161580,4.0,120.0,1,1,O,"(1, 3)","(1, 0, 0, 0, 0)",1,"(1, 3)","(0, 0, 1, 0, 0, 0, 0)",0,0,1,0,0
11161584,2.0,60.0,1,1,O,"(1, 3)","(1, 0, 0, 0, 0)",1,"(2, 4)","(0, 0, 0, 1, 0, 0, 0)",0,0,0,1,0
11161585,6.0,180.0,1,1,4,"(4,)","(1, 0, 0, 0, 0)",1,"(4,)","(1, 0, 0, 0, 0, 0, 0)",1,0,0,0,0
11161586,2.0,60.0,1,1,4,"(4,)","(1, 0, 0, 0, 0)",1,"(3,)","(1, 0, 0, 0, 0, 0, 0)",1,0,0,0,0
11161588,4.0,120.0,1,1,A,"(1, 2, 3, 4)","(1, 0, 0, 0, 0)",1,"(1, 2, 3, 4)","(0, 0, 0, 1, 0, 0, 0)",0,0,0,1,0
11161590,4.0,120.0,1,1,4,"(4,)","(1, 0, 0, 0, 0)",1,"(1,)","(0, 0, 0, 1, 0, 0, 0)",0,0,0,1,0
11161592,4.0,120.0,1,1,4,"(4,)","(1, 0, 0, 0, 0)",0,"(4,)","(1, 0, 0, 0, 0)",1,0,0,0,0
11161593,4.0,120.0,1,1,A,"(1, 2, 3, 4)","(1, 0, 0, 0, 0)",0,"(1, 2, 3, 4)","(1, 0, 0, 0, 0)",1,0,0,0,0
11161595,4.0,120.0,1,1,4,"(4,)","(1, 0, 0, 0, 0)",1,"(4,)","(0, 0, 0, 1, 0, 0, 0)",0,0,0,1,0
11161597,2.0,60.0,1,1,4,"(4,)","(1, 0, 0, 0, 0)",1,"(2,)","(0, 0, 1, 0, 0, 0, 0)",0,0,1,0,0
11161600,6.0,180.0,1,1,A,"(1, 2, 3, 4)","(1, 0, 0, 0, 0)",1,"(1, 2, 3, 4)","(1, 0, 0, 0, 0, 0, 0)",1,0,0,0,0
11161601,12.0,360.0,1,1,O,"(1, 3)","(1, 0, 0, 0, 0)",0,"(1, 3)","(1, 0, 0, 0, 0)",1,0,0,0,0
11161602,4.0,120.0,1,1,4,"(4,)","(1, 0, 0, 0, 0)",1,"(2,)","(1, 0, 0, 0, 0)",1,0,0,0,0
11161604,2.0,60.0,1,1,4,"(4,)","(1, 0, 0, 0, 0)",1,"(2,)","(1, 0, 0, 0, 0)",1,0,0,0,0
11161606,4.0,120.0,1,1,O,"(1, 3)","(1, 0, 0, 0, 0)",1,"(2, 4)","(0, 0, 1, 0, 0, 0, 0)",0,0,1,0,0
11161611,4.0,120.0,1,1,A,"(1, 2, 3, 4)","(1, 0, 0, 0, 0)",1,"(1, 2, 3, 4)","(1, 0, 0, 0, 0, 0, 0)",1,0,0,0,0
11161612,4.0,120.0,1,1,4,"(4,)","(1, 0, 0, 0, 0)",1,"(2,)","(0, 0, 0, 1, 0, 0, 0)",0,0,0,1,0
11161614,2.0,60.0,1,1,4,"(4,)","(1, 0, 0, 0, 0)",1,"(4,)","(0, 0, 0, 1, 0, 0, 0)",0,0,0,1,0
11161615,6.0,180.0,1,1,4,"(4,)","(1, 0, 0, 0, 0)",1,"(1,)","(0, 0, 1, 0, 0, 0, 0)",0,0,1,0,0
11161616,4.0,120.0,1,1,4,"(4,)","(1, 0, 0, 0, 0)",1,"(1,)","(0, 0, 0, 1, 0, 0, 0)",0,0,0,1,0
11161617,2.0,60.0,1,1,4,"(4,)","(1, 0, 0, 0, 0)",1,"(1,)","(0, 0, 0, 1, 0, 0, 0)",0,0,0,1,0
11161618,4.0,120.0,1,1,4,"(4,)","(1, 0, 0, 0, 0)",1,"(2,)","(1, 0, 0, 0, 0, 0, 0)",1,0,0,0,0
11161619,16.0,480.0,1,1,A,"(1, 2, 3, 4)","(1, 0, 0, 0, 0)",1,"(1, 2, 3, 4)","(0, 0, 1, 0, 0, 0, 0)",0,0,1,0,0
11161620,4.0,120.0,1,1,4,"(4,)","(1, 0, 0, 0, 0)",1,"(4,)","(0, 0, 0, 1, 0, 0, 0)",0,0,0,1,0
11161622,2.0,60.0,1,1,4,"(4,)","(1, 0, 0, 0, 0)",1,"(4,)","(0, 0, 0, 1, 0, 0, 0)",0,0,0,1,0
11161625,4.0,120.0,1,1,A,"(1, 2, 3, 4)","(1, 0, 0, 0, 0)",1,"(1, 2, 3, 4)","(0, 0, 1, 0, 0, 0, 0)",0,0,1,0,0
11161626,2.0,60.0,1,1,4,"(4,)","(1, 0, 0, 0, 0)",1,"(2,)","(0, 0, 1, 0, 0, 0, 0)",0,0,1,0,0
11161629,4.0,120.0,1,1,O,"(1, 3)","(1, 0, 0, 0, 0)",1,"(1, 3)","(0, 0, 1, 0, 0, 0, 0)",0,0,1,0,0
11161631,4.0,120.0,1,1,A,"(1, 2, 3, 4)","(1, 0, 0, 0, 0)",1,"(1, 2, 3, 4)","(0, 0, 0, 1, 0, 0, 0)",0,0,0,1,0
11161633,2.0,60.0,1,1,4,"(4,)","(1, 0, 0, 0, 0)",1,"(4,)","(0, 0, 0, 1, 0, 0, 0)",0,0,0,1,0
11161635,4.0,120.0,1,1,4,"(4,)","(1, 0, 0, 0, 0)",1,"(2,)","(0, 0, 1, 0, 0, 0, 0)",0,0,1,0,0
11161640,16.0,480.0,1,1,A,"(1, 2, 3, 4)","(1, 0, 0, 0, 0)",1,"(1, 2, 3, 4)","(0, 0, 0, 1, 0, 0, 0)",0,0,0,1,0
11161654,4.0,120.0,1,1,4,"(4,)","(1, 0, 0, 0, 0)",0,"(4,)","(1, 0, 0, 0, 0)",1,0,0,0,0
11161682,2.0,60.0,1,1,4,"(4,)","(1, 0, 0, 0, 0)",1,"(3,)","(0, 0, 1, 0, 0, 0, 0)",0,0,1,0,0
11161701,2.0,60.0,1,1,A,"(1, 2, 3, 4)","(1, 0, 0, 0, 0)",0,"(1, 2, 3, 4)","(1, 0, 0, 0, 0)",1,0,0,0,0
11161722,6.0,180.0,1,1,4,"(4,)","(1, 0, 0, 0, 0)",1,"(4,)","(0, 0, 1, 0, 0, 0, 0)",0,0,1,0,0
11161726,4.0,120.0,1,1,4,"(4,)","(1, 0, 0, 0, 0)",1,"(4,)","(0, 0, 0, 1, 0, 0, 0)",0,0,0,1,0
11161897,2.0,60.0,1,1,4,"(4,)","(1, 0, 0, 0, 0)",1,"(4,)","(0, 0, 0, 1, 0, 0, 0)",0,0,0,1,0
11162336,12.0,360.0,1,1,A,"(1, 2, 3, 4)","(0, 0, 0, 1, 0)",1,"(1, 2, 3, 4)","(0, 0, 0, 1, 0, 0, 0)",0,0,0,1,0
11162360,8.0,240.0,1,1,A,"(1, 2, 3, 4)","(0, 0, 0, 1, 0)",1,"(1, 2, 3, 4)","(1, 0, 0, 0, 0, 0, 0)",1,0,0,0,0
11163184,4.0,120.0,1,1,A,"(1, 2, 3, 4)","(0, 0, 1, 0, 0)",1,"(1, 2, 3, 4)","(1, 0, 0, 0, 0, 0, 0)",1,0,0,0,0
11163187,2.0,60.0,1,1,A,"(1, 2, 3, 4)","(0, 0, 1, 0, 0)",1,"(1, 2, 3, 4)","(1, 0, 0, 0, 0, 0, 0)",1,0,0,0,0
11163188,2.0,60.0,1,1,4,"(4,)","(0, 0, 1, 0, 0)",1,"(2,)","(1, 0, 0, 0, 0, 0, 0)",1,0,0,0,0
11163190,2.0,60.0,1,1,4,"(4,)","(0, 0, 1, 0, 0)",1,"(2,)","(1, 0, 0, 0, 0, 0, 0)",1,0,0,0,0
11163191,6.0,180.0,1,1,4,"(4,)","(0, 0, 1, 0, 0)",1,"(4,)","(0, 0, 0, 1, 0, 0, 0)",0,0,0,1,0
11163193,8.0,240.0,1,1,A,"(1, 2, 3, 4)","(0, 0, 1, 0, 0)",1,"(1, 2, 3, 4)","(1, 0, 0, 0, 0, 0, 0)",1,0,0,0,0
11163194,6.0,180.0,1,1,A,"(1, 2, 3, 4)","(0, 0, 1, 0, 0)",1,"(1, 2, 3, 4)","(1, 0, 0, 0, 0, 0, 0)",1,0,0,0,0
11163196,6.0,180.0,1,1,4,"(4,)","(0, 0, 1, 0, 0)",1,"(1,)","(0, 0, 1, 0, 0, 0, 0)",0,0,1,0,0
11163197,4.0,120.0,1,1,O,"(1, 3)","(0, 0, 1, 0, 0)",1,"(1, 3)","(1, 0, 0, 0, 0, 0, 0)",1,0,0,0,0
11163199,4.0,120.0,1,1,A,"(1, 2, 3, 4)","(0, 0, 1, 0, 0)",1,"(1, 2, 3, 4)","(1, 0, 0, 0, 0, 0, 0)",1,0,0,0,0
11163200,6.0,180.0,1,1,A,"(1, 2, 3, 4)","(0, 0, 1, 0, 0)",1,"(1, 2, 3, 4)","(1, 0, 0, 0, 0, 0, 0)",1,0,0,0,0
11163201,4.0,120.0,1,1,O,"(1, 3)","(0, 0, 1, 0, 0)",1,"(1, 3)","(0, 0, 1, 0, 0, 0, 0)",0,0,1,0,0
11163202,8.0,240.0,1,1,A,"(1, 2, 3, 4)","(0, 0, 1, 0, 0)",1,"(1, 2, 3, 4)","(0, 0, 1, 0, 0, 0, 0)",0,0,1,0,0
11163203,8.0,240.0,1,1,O,"(1, 3)","(0, 0, 1, 0, 0)",1,"(2, 4)","(0, 0, 1, 0, 0, 0, 0)",0,0,1,0,0
11163207,2.0,60.0,1,1,4,"(4,)","(0, 0, 1, 0, 0)",1,"(4,)","(0, 0, 1, 0, 0, 0, 0)",0,0,1,0,0
11163208,24.0,720.0,1,1,A,"(1, 2, 3, 4)","(0, 0, 1, 0, 0)",0,"(1, 2, 3, 4)","(0, 0, 1, 0, 0)",0,0,1,0,0
11163209,6.0,180.0,1,1,A,"(1, 2, 3, 4)","(0, 0, 1, 0, 0)",1,"(1, 2, 3, 4)","(1, 0, 0, 0, 0, 0, 0)",1,0,0,0,0
11163210,20.0,600.0,1,1,A,"(1, 2, 3, 4)","(0, 0, 1, 0, 0)",1,"(1, 2, 3, 4)","(1, 0, 0, 0, 0, 0, 0)",1,0,0,0,0
11163211,4.0,120.0,1,1,O,"(1, 3)","(0, 0, 1, 0, 0)",1,"(1, 3)","(0, 0, 0, 1, 0, 0, 0)",0,0,0,1,0
11163212,6.0,180.0,1,1,4,"(4,)","(0, 0, 1, 0, 0)",1,"(3,)","(0, 0, 1, 0, 0)",0,0,1,0,0
11163213,2.0,60.0,1,1,O,"(1, 3)","(0, 0, 1, 0, 0)",0,"(1, 3)","(0, 0, 1, 0, 0)",0,0,1,0,0
11163215,6.0,180.0,1,1,O,"(1, 3)","(0, 0, 1, 0, 0)",1,"(2, 4)","(0, 0, 1, 0, 0)",0,0,1,0,0
11163217,6.0,180.0,1,1,O,"(1, 3)","(0, 0, 1, 0, 0)",1,"(2, 4)","(0, 0, 0, 1, 0, 0, 0)",0,0,0,1,0
11163218,6.0,180.0,1,1,A,"(1, 2, 3, 4)","(0, 0, 1, 0, 0)",1,"(1, 2, 3, 4)","(1, 0, 0, 0, 0, 0, 0)",1,0,0,0,0
11163219,4.0,120.0,1,1,4,"(4,)","(0, 0, 1, 0, 0)",1,"(3,)","(1, 0, 0, 0, 0, 0, 0)",1,0,0,0,0
11163220,2.0,60.0,1,1,O,"(1, 3)","(0, 0, 1, 0, 0)",1,"(1, 3)","(1, 0, 0, 0, 0, 0, 0)",1,0,0,0,0
11163221,4.0,120.0,1,1,O,"(1, 3)","(0, 0, 1, 0, 0)",1,"(2, 4)","(0, 0, 0, 1, 0, 0, 0)",0,0,0,1,0
11163222,4.0,120.0,1,1,A,"(1, 2, 3, 4)","(0, 0, 1, 0, 0)",1,"(1, 2, 3, 4)","(0, 0, 1, 0, 0, 0, 0)",0,0,1,0,0
11163224,4.0,120.0,1,1,A,"(1, 2, 3, 4)","(0, 0, 1, 0, 0)",1,"(1, 2, 3, 4)","(1, 0, 0, 0, 0, 0, 0)",1,0,0,0,0
11163226,4.0,120.0,1,1,4,"(4,)","(0, 0, 1, 0, 0)",1,"(4,)","(1, 0, 0, 0, 0, 0, 0)",1,0,0,0,0
11163228,6.0,180.0,1,1,4,"(4,)","(0, 0, 1, 0, 0)",1,"(1,)","(0, 0, 0, 1, 0, 0, 0)",0,0,0,1,0
11163229,2.0,60.0,1,1,A,"(1, 2, 3, 4)","(0, 0, 1, 0, 0)",1,"(1, 2, 3, 4)","(1, 0, 0, 0, 0, 0, 0)",1,0,0,0,0
11163230,8.0,240.0,1,1,A,"(1, 2, 3, 4)","(0, 0, 1, 0, 0)",1,"(1, 2, 3, 4)","(1, 0, 0, 0, 0, 0, 0)",1,0,0,0,0
11163232,4.0,120.0,1,1,4,"(4,)","(0, 0, 1, 0, 0)",1,"(4,)","(1, 0, 0, 0, 0, 0, 0)",1,0,0,0,0
11163233,8.0,240.0,1,1,A,"(1, 2, 3, 4)","(0, 0, 1, 0, 0)",1,"(1, 2, 3, 4)","(1, 0, 0, 0, 0, 0, 0)",1,0,0,0,0
11163234,2.0,60.0,1,1,4,"(4,)","(0, 0, 1, 0, 0)",1,"(4,)","(0, 0, 0, 1, 0, 0, 0)",0,0,0,1,0
11163235,6.0,180.0,1,1,4,"(4,)","(0, 0, 1, 0, 0)",1,"(1,)","(1, 0, 0, 0, 0, 0, 0)",1,0,0,0,0
11163236,8.0,240.0,1,1,A,"(1, 2, 3, 4)","(0, 0, 1, 0, 0)",1,"(1, 2, 3, 4)","(0, 0, 1, 0, 0, 0, 0)",0,0,1,0,0
11163237,4.0,120.0,1,1,O,"(1, 3)","(0, 0, 1, 0, 0)",1,"(1, 3)","(1, 0, 0, 0, 0, 0, 0)",1,0,0,0,0
11163238,4.0,120.0,1,1,4,"(4,)","(0, 0, 1, 0, 0)",1,"(4,)","(1, 0, 0, 0, 0, 0, 0)",1,0,0,0,0
11163239,2.0,60.0,1,1,O,"(1, 3)","(0, 0, 1, 0, 0)",1,"(1, 3)","(0, 0, 1, 0, 0, 0, 0)",0,0,1,0,0
11163240,2.0,60.0,1,1,4,"(4,)","(0, 0, 1, 0, 0)",1,"(2,)","(0, 0, 0, 1, 0, 0, 0)",0,0,0,1,0
11163243,2.0,60.0,1,1,O,"(1, 3)","(0, 0, 1, 0, 0)",1,"(2, 4)","(0, 0, 0, 1, 0, 0, 0)",0,0,0,1,0
11163244,2.0,60.0,1,1,4,"(4,)","(0, 0, 1, 0, 0)",1,"(2,)","(0, 0, 0, 1, 0, 0, 0)",0,0,0,1,0
11163245,4.0,120.0,1,1,O,"(1, 3)","(0, 0, 1, 0, 0)",1,"(1, 3)","(0, 0, 1, 0, 0, 0, 0)",0,0,1,0,0
11163246,4.0,120.0,1,1,A,"(1, 2, 3, 4)","(0, 0, 1, 0, 0)",1,"(1, 2, 3, 4)","(1, 0, 0, 0, 0, 0, 0)",1,0,0,0,0
11163247,2.0,60.0,1,1,O,"(1, 3)","(0, 0, 1, 0, 0)",1,"(2, 4)","(0, 0, 1, 0, 0)",0,0,1,0,0
11163248,2.0,60.0,1,1,4,"(4,)","(0, 0, 1, 0, 0)",1,"(3,)","(0, 0, 0, 1, 0, 0, 0)",0,0,0,1,0
11163249,2.0,60.0,1,1,4,"(4,)","(0, 0, 1, 0, 0)",1,"(3,)","(0, 0, 1, 0, 0, 0, 0)",0,0,1,0,0
11163250,4.0,120.0,1,1,4,"(4,)","(0, 0, 1, 0, 0)",1,"(1,)","(1, 0, 0, 0, 0, 0, 0)",1,0,0,0,0
11163251,8.0,240.0,1,1,A,"(1, 2, 3, 4)","(0, 0, 1, 0, 0)",1,"(1, 2, 3, 4)","(1, 0, 0, 0, 0, 0, 0)",1,0,0,0,0
11163252,8.0,240.0,1,1,O,"(1, 3)","(0, 0, 1, 0, 0)",1,"(1, 3)","(1, 0, 0, 0, 0, 0, 0)",1,0,0,0,0
11163253,4.0,120.0,1,1,4,"(4,)","(0, 0, 1, 0, 0)",1,"(4,)","(1, 0, 0, 0, 0, 0, 0)",1,0,0,0,0
11163254,4.0,120.0,1,1,A,"(1, 2, 3, 4)","(0, 0, 1, 0, 0)",1,"(1, 2, 3, 4)","(1, 0, 0, 0, 0, 0, 0)",1,0,0,0,0
11163256,16.0,480.0,1,1,A,"(1, 2, 3, 4)","(0, 0, 1, 0, 0)",0,"(1, 2, 3, 4)","(0, 0, 1, 0, 0)",0,0,1,0,0
11163257,4.0,120.0,1,1,4,"(4,)","(0, 0, 1, 0, 0)",1,"(1,)","(0, 0, 1, 0, 0, 0, 0)",0,0,1,0,0
11163258,8.0,240.0,1,1,O,"(1, 3)","(0, 0, 1, 0, 0)",1,"(2, 4)","(0, 0, 0, 1, 0, 0, 0)",0,0,0,1,0
11163259,16.0,480.0,1,1,A,"(1, 2, 3, 4)","(0, 0, 1, 0, 0)",1,"(1, 2, 3, 4)","(1, 0, 0, 0, 0, 0, 0)",1,0,0,0,0
11163260,2.0,60.0,1,1,4,"(4,)","(0, 0, 1, 0, 0)",1,"(3,)","(1, 0, 0, 0, 0, 0, 0)",1,0,0,0,0
11163261,32.0,960.0,1,1,A,"(1, 2, 3, 4)","(0, 0, 1, 0, 0)",1,"(1, 2, 3, 4)","(0, 0, 1, 0, 0, 0, 0)",0,0,1,0,0
11163262,2.0,60.0,1,1,O,"(1, 3)","(0, 0, 1, 0, 0)",1,"(2, 4)","(0, 0, 0, 1, 0, 0, 0)",0,0,0,1,0
11163263,2.0,60.0,1,1,4,"(4,)","(0, 0, 1, 0, 0)",1,"(1,)","(1, 0, 0, 0, 0, 0, 0)",1,0,0,0,0
11163266,2.0,60.0,1,1,O,"(1, 3)","(0, 0, 1, 0, 0)",1,"(2, 4)","(0, 0, 0, 1, 0, 0, 0)",0,0,0,1,0
11163267,2.0,60.0,1,1,O,"(1, 3)","(0, 0, 1, 0, 0)",0,"(1, 3)","(0, 0, 1, 0, 0)",0,0,1,0,0
11163268,2.0,60.0,1,1,4,"(4,)","(0, 0, 1, 0, 0)",1,"(4,)","(0, 0, 0, 1, 0, 0, 0)",0,0,0,1,0
11163269,4.0,120.0,1,1,4,"(4,)","(0, 0, 1, 0, 0)",1,"(1,)","(0, 0, 1, 0, 0, 0, 0)",0,0,1,0,0
11163270,4.0,120.0,1,1,4,"(4,)","(0, 0, 1, 0, 0)",1,"(2,)","(0, 0, 0, 1, 0, 0, 0)",0,0,0,1,0
11163271,2.0,60.0,1,1,4,"(4,)","(0, 0, 1, 0, 0)",0,"(4,)","(0, 0, 1, 0, 0)",0,0,1,0,0
11163272,2.0,60.0,1,1,4,"(4,)","(0, 0, 1, 0, 0)",1,"(3,)","(1, 0, 0, 0, 0, 0, 0)",1,0,0,0,0
11163273,2.0,60.0,1,1,4,"(4,)","(0, 0, 1, 0, 0)",1,"(2,)","(0, 0, 0, 1, 0, 0, 0)",0,0,0,1,0
11163274,8.0,240.0,1,1,4,"(4,)","(0, 0, 1, 0, 0)",1,"(1,)","(0, 0, 1, 0, 0)",0,0,1,0,0
11163275,6.0,180.0,1,1,E,"(2, 4)","(0, 0, 1, 0, 0)",1,"(1, 3)","(0, 0, 0, 1, 0, 0, 0)",0,0,0,1,0
11163276,6.0,180.0,1,1,A,"(1, 2, 3, 4)","(0, 0, 1, 0, 0)",1,"(1, 2, 3, 4)","(0, 0, 1, 0, 0, 0, 0)",0,0,1,0,0
11163277,8.0,240.0,1,1,A,"(1, 2, 3, 4)","(0, 0, 1, 0, 0)",1,"(1, 2, 3, 4)","(0, 0, 1, 0, 0, 0, 0)",0,0,1,0,0
11163278,2.0,60.0,1,1,4,"(4,)","(0, 0, 1, 0, 0)",0,"(4,)","(0, 0, 1, 0, 0)",0,0,1,0,0
11163279,4.0,120.0,1,1,4,"(4,)","(0, 0, 1, 0, 0)",1,"(4,)","(0, 0, 0, 1, 0, 0, 0)",0,0,0,1,0
11163280,8.0,240.0,1,1,A,"(1, 2, 3, 4)","(0, 0, 1, 0, 0)",1,"(1, 2, 3, 4)","(1, 0, 0, 0, 0, 0, 0)",1,0,0,0,0
11163281,6.0,180.0,1,1,4,"(4,)","(0, 0, 1, 0, 0)",1,"(4,)","(0, 0, 0, 1, 0, 0, 0)",0,0,0,1,0
11163282,2.0,60.0,1,1,4,"(4,)","(0, 0, 1, 0, 0)",1,"(4,)","(0, 0, 0, 1, 0, 0, 0)",0,0,0,1,0
11163283,2.0,60.0,1,1,A,"(1, 2, 3, 4)","(0, 0, 1, 0, 0)",0,"(1, 2, 3, 4)","(0, 0, 1, 0, 0)",0,0,1,0,0
11163284,4.0,120.0,1,1,4,"(4,)","(0, 0, 1, 0, 0)",1,"(1,)","(0, 0, 0, 1, 0, 0, 0)",0,0,0,1,0
11163285,2.0,60.0,1,1,4,"(4,)","(0, 0, 1, 0, 0)",1,"(3,)","(0, 0, 1, 0, 0)",0,0,1,0,0
11163286,16.0,480.0,1,1,O,"(1, 3)","(0, 0, 1, 0, 0)",1,"(2, 4)","(0, 0, 1, 0, 0)",0,0,1,0,0
11163288,4.0,120.0,1,1,4,"(4,)","(0, 0, 1, 0, 0)",1,"(4,)","(0, 0, 0, 1, 0, 0, 0)",0,0,0,1,0
11163289,4.0,120.0,1,1,4,"(4,)","(0, 0, 1, 0, 0)",1,"(3,)","(0, 0, 1, 0, 0)",0,0,1,0,0
11163290,48.0,1440.0,1,1,A,"(1, 2, 3, 4)","(0, 0, 1, 0, 0)",1,"(1, 2, 3, 4)","(0, 0, 0, 1, 0, 0, 0)",0,0,0,1,0
11163291,4.0,120.0,1,1,4,"(4,)","(0, 0, 1, 0, 0)",1,"(4,)","(0, 0, 0, 1, 0, 0, 0)",0,0,0,1,0
11163292,4.0,120.0,1,1,4,"(4,)","(0, 0, 1, 0, 0)",1,"(1,)","(0, 0, 0, 1, 0, 0, 0)",0,0,0,1,0
11163293,6.0,180.0,1,1,A,"(1, 2, 3, 4)","(0, 0, 1, 0, 0)",1,"(1, 2, 3, 4)","(1, 0, 0, 0, 0, 0, 0)",1,0,0,0,0
11163294,2.0,60.0,1,1,4,"(4,)","(0, 0, 1, 0, 0)",1,"(2,)","(1, 0, 0, 0, 0, 0, 0)",1,0,0,0,0
11163295,4.0,120.0,1,1,4,"(4,)","(0, 0, 1, 0, 0)",1,"(2,)","(0, 0, 1, 0, 0)",0,0,1,0,0
11163296,4.0,120.0,1,1,4,"(4,)","(0, 0, 1, 0, 0)",1,"(3,)","(0, 0, 1, 0, 0)",0,0,1,0,0
11163297,2.0,60.0,1,1,O,"(1, 3)","(0, 0, 1, 0, 0)",1,"(2, 4)","(0, 0, 0, 1, 0, 0, 0)",0,0,0,1,0
11163298,2.0,60.0,1,1,4,"(4,)","(0, 0, 1, 0, 0)",1,"(3,)","(1, 0, 0, 0, 0, 0, 0)",1,0,0,0,0
11163299,32.0,960.0,1,1,A,"(1, 2, 3, 4)","(0, 0, 1, 0, 0)",0,"(1, 2, 3, 4)","(0, 0, 1, 0, 0)",0,0,1,0,0
11163300,2.0,60.0,1,1,A,"(1, 2, 3, 4)","(0, 0, 1, 0, 0)",1,"(1, 2, 3, 4)","(1, 0, 0, 0, 0, 0, 0)",1,0,0,0,0
11163301,16.0,480.0,1,1,A,"(1, 2, 3, 4)","(0, 0, 1, 0, 0)",1,"(1, 2, 3, 4)","(1, 0, 0, 0, 0, 0, 0)",1,0,0,0,0
11163302,2.0,60.0,1,1,4,"(4,)","(0, 0, 1, 0, 0)",1,"(3,)","(0, 0, 0, 1, 0, 0, 0)",0,0,0,1,0
11163303,6.0,180.0,1,1,4,"(4,)","(0, 0, 1, 0, 0)",1,"(3,)","(0, 0, 1, 0, 0)",0,0,1,0,0
11163304,4.0,120.0,1,1,4,"(4,)","(0, 0, 1, 0, 0)",1,"(4,)","(1, 0, 0, 0, 0, 0, 0)",1,0,0,0,0
11163305,4.0,120.0,1,1,O,"(1, 3)","(0, 0, 1, 0, 0)",1,"(2, 4)","(0, 0, 1, 0, 0)",0,0,1,0,0
11163306,4.0,120.0,1,1,4,"(4,)","(0, 0, 1, 0, 0)",1,"(2,)","(0, 0, 0, 1, 0, 0, 0)",0,0,0,1,0
11163307,2.0,60.0,1,1,4,"(4,)","(0, 0, 1, 0, 0)",1,"(4,)","(0, 0, 0, 1, 0, 0, 0)",0,0,0,1,0
11163308,8.0,240.0,1,1,A,"(1, 2, 3, 4)","(0, 0, 1, 0, 0)",1,"(1, 2, 3, 4)","(1, 0, 0, 0, 0, 0, 0)",1,0,0,0,0
11163309,2.0,60.0,1,1,4,"(4,)","(0, 0, 1, 0, 0)",1,"(4,)","(0, 0, 0, 1, 0, 0, 0)",0,0,0,1,0
11163310,6.0,180.0,1,1,4,"(4,)","(0, 0, 1, 0, 0)",0,"(4,)","(0, 0, 1, 0, 0)",0,0,1,0,0
11163311,4.0,120.0,1,1,O,"(1, 3)","(0, 0, 1, 0, 0)",1,"(1, 3)","(0, 0, 1, 0, 0, 0, 0)",0,0,1,0,0
11163312,8.0,240.0,1,1,A,"(1, 2, 3, 4)","(0, 0, 1, 0, 0)",1,"(1, 2, 3, 4)","(1, 0, 0, 0, 0, 0, 0)",1,0,0,0,0
11163313,4.0,120.0,1,1,4,"(4,)","(0, 0, 1, 0, 0)",1,"(4,)","(0, 0, 0, 1, 0, 0, 0)",0,0,0,1,0
11163314,2.0,60.0,1,1,4,"(4,)","(0, 0, 1, 0, 0)",1,"(3,)","(0, 0, 0, 1, 0, 0, 0)",0,0,0,1,0
11163315,2.0,60.0,1,1,O,"(1, 3)","(0, 0, 1, 0, 0)",1,"(2, 4)","(0, 0, 0, 1, 0, 0, 0)",0,0,0,1,0
11163316,2.0,60.0,1,1,4,"(4,)","(0, 0, 1, 0, 0)",0,"(4,)","(0, 0, 1, 0, 0)",0,0,1,0,0
11163317,2.0,60.0,1,1,4,"(4,)","(0, 0, 1, 0, 0)",1,"(4,)","(0, 0, 0, 1, 0, 0, 0)",0,0,0,1,0
11163318,2.0,60.0,1,1,4,"(4,)","(0, 0, 1, 0, 0)",1,"(3,)","(0, 0, 0, 1, 0, 0, 0)",0,0,0,1,0
11163319,2.0,60.0,1,1,4,"(4,)","(0, 0, 1, 0, 0)",1,"(3,)","(1, 0, 0, 0, 0, 0, 0)",1,0,0,0,0
11163320,2.0,60.0,1,1,4,"(4,)","(0, 0, 1, 0, 0)",1,"(1,)","(0, 0, 0, 1, 0, 0, 0)",0,0,0,1,0
11163321,4.0,120.0,1,1,4,"(4,)","(0, 0, 1, 0, 0)",1,"(2,)","(1, 0, 0, 0, 0, 0, 0)",1,0,0,0,0
11163323,2.0,60.0,1,1,4,"(4,)","(0, 0, 1, 0, 0)",1,"(1,)","(0, 0, 0, 1, 0, 0, 0)",0,0,0,1,0
11163324,6.0,180.0,1,1,4,"(4,)","(0, 0, 1, 0, 0)",1,"(1,)","(1, 0, 0, 0, 0, 0, 0)",1,0,0,0,0
11163325,2.0,60.0,1,1,4,"(4,)","(0, 0, 1, 0, 0)",1,"(4,)","(0, 0, 1, 0, 0, 0, 0)",0,0,1,0,0
11163326,2.0,60.0,1,1,4,"(4,)","(0, 0, 1, 0, 0)",1,"(4,)","(0, 0, 0, 1, 0, 0, 0)",0,0,0,1,0
11163330,4.0,120.0,1,1,4,"(4,)","(0, 0, 1, 0, 0)",1,"(1,)","(0, 0, 1, 0, 0)",0,0,1,0,0
11163331,4.0,120.0,1,1,A,"(1, 2, 3, 4)","(0, 0, 1, 0, 0)",1,"(1, 2, 3, 4)","(1, 0, 0, 0, 0, 0, 0)",1,0,0,0,0
11163332,4.0,120.0,1,1,A,"(1, 2, 3, 4)","(0, 0, 1, 0, 0)",1,"(1, 2, 3, 4)","(1, 0, 0, 0, 0, 0, 0)",1,0,0,0,0
11163333,4.0,120.0,1,1,4,"(4,)","(0, 0, 1, 0, 0)",1,"(3,)","(0, 0, 0, 1, 0, 0, 0)",0,0,0,1,0
11163337,8.0,240.0,1,1,4,"(4,)","(0, 0, 1, 0, 0)",1,"(4,)","(0, 0, 0, 1, 0, 0, 0)",0,0,0,1,0
11163338,2.0,60.0,1,1,4,"(4,)","(0, 0, 1, 0, 0)",1,"(4,)","(0, 0, 0, 1, 0, 0, 0)",0,0,0,1,0
11163339,4.0,120.0,1,1,A,"(1, 2, 3, 4)","(0, 0, 1, 0, 0)",0,"(1, 2, 3, 4)","(0, 0, 1, 0, 0)",0,0,1,0,0
11163340,4.0,120.0,1,1,O,"(1, 3)","(0, 0, 1, 0, 0)",0,"(1, 3)","(0, 0, 1, 0, 0)",0,0,1,0,0
11163341,6.0,180.0,1,1,O,"(1, 3)","(0, 0, 1, 0, 0)",1,"(2, 4)","(1, 0, 0, 0, 0, 0, 0)",1,0,0,0,0
11163343,4.0,120.0,1,1,4,"(4,)","(0, 0, 1, 0, 0)",1,"(3,)","(0, 0, 1, 0, 0)",0,0,1,0,0
11163344,4.0,120.0,1,1,A,"(1, 2, 3, 4)","(0, 0, 1, 0, 0)",1,"(1, 2, 3, 4)","(1, 0, 0, 0, 0, 0, 0)",1,0,0,0,0
11163345,2.0,60.0,1,1,E,"(2, 4)","(0, 0, 1, 0, 0)",0,"(2, 4)","(0, 0, 1, 0, 0)",0,0,1,0,0
11163346,2.0,60.0,1,1,4,"(4,)","(0, 0, 1, 0, 0)",1,"(3,)","(0, 0, 0, 1, 0, 0, 0)",0,0,0,1,0
11163347,4.0,120.0,1,1,4,"(4,)","(0, 0, 1, 0, 0)",1,"(2,)","(0, 0, 1, 0, 0)",0,0,1,0,0
11163348,6.0,180.0,1,1,E,"(2, 4)","(0, 0, 1, 0, 0)",1,"(1, 3)","(1, 0, 0, 0, 0, 0, 0)",1,0,0,0,0
11163349,4.0,120.0,1,1,O,"(1, 3)","(0, 0, 1, 0, 0)",1,"(1, 3)","(0, 0, 0, 1, 0, 0, 0)",0,0,0,1,0
11163350,2.0,60.0,1,1,4,"(4,)","(0, 0, 1, 0, 0)",1,"(3,)","(0, 0, 1, 0, 0, 0, 0)",0,0,1,0,0
11163355,4.0,120.0,1,1,4,"(4,)","(0, 0, 1, 0, 0)",1,"(4,)","(0, 0, 1, 0, 0, 0, 0)",0,0,1,0,0
11163356,4.0,120.0,1,1,4,"(4,)","(0, 0, 1, 0, 0)",1,"(4,)","(0, 0, 0, 1, 0, 0, 0)",0,0,0,1,0
11163357,2.0,60.0,1,1,O,"(1, 3)","(0, 0, 1, 0, 0)",1,"(2, 4)","(0, 0, 1, 0, 0, 0, 0)",0,0,1,0,0
11163358,4.0,120.0,1,1,4,"(4,)","(0, 0, 1, 0, 0)",1,"(1,)","(0, 0, 1, 0, 0)",0,0,1,0,0
11163359,2.0,60.0,1,1,4,"(4,)","(0, 0, 1, 0, 0)",1,"(3,)","(1, 0, 0, 0, 0, 0, 0)",1,0,0,0,0
11163360,4.0,120.0,1,1,O,"(1, 3)","(0, 0, 1, 0, 0)",1,"(2, 4)","(0, 0, 0, 1, 0, 0, 0)",0,0,0,1,0
11163361,6.0,180.0,1,1,A,"(1, 2, 3, 4)","(0, 0, 1, 0, 0)",0,"(1, 2, 3, 4)","(0, 0, 1, 0, 0)",0,0,1,0,0
11163363,32.0,960.0,1,1,A,"(1, 2, 3, 4)","(0, 0, 1, 0, 0)",0,"(1, 2, 3, 4)","(0, 0, 1, 0, 0)",0,0,1,0,0
11163365,4.0,120.0,1,1,O,"(1, 3)","(0, 0, 1, 0, 0)",1,"(1, 3)","(1, 0, 0, 0, 0, 0, 0)",1,0,0,0,0
11163370,4.0,120.0,1,1,O,"(1, 3)","(0, 0, 1, 0, 0)",1,"(1, 3)","(0, 0, 0, 1, 0, 0, 0)",0,0,0,1,0
11163371,2.0,60.0,1,1,4,"(4,)","(0, 0, 1, 0, 0)",1,"(1,)","(0, 0, 1, 0, 0, 0, 0)",0,0,1,0,0
11163373,2.0,60.0,1,1,A,"(1, 2, 3, 4)","(0, 0, 1, 0, 0)",1,"(1, 2, 3, 4)","(1, 0, 0, 0, 0, 0, 0)",1,0,0,0,0
11163375,4.0,120.0,1,1,4,"(4,)","(0, 0, 1, 0, 0)",1,"(2,)","(0, 0, 1, 0, 0)",0,0,1,0,0
11163378,2.0,60.0,1,1,4,"(4,)","(0, 0, 1, 0, 0)",1,"(4,)","(0, 0, 0, 1, 0, 0, 0)",0,0,0,1,0
11163382,2.0,60.0,1,1,4,"(4,)","(0, 0, 1, 0, 0)",1,"(4,)","(0, 0, 1, 0, 0, 0, 0)",0,0,1,0,0
11163383,4.0,120.0,1,1,A,"(1, 2, 3, 4)","(0, 0, 1, 0, 0)",0,"(1, 2, 3, 4)","(0, 0, 1, 0, 0)",0,0,1,0,0
11163387,2.0,60.0,1,1,O,"(1, 3)","(0, 0, 1, 0, 0)",1,"(2, 4)","(0, 0, 0, 1, 0, 0, 0)",0,0,0,1,0
11163390,4.0,120.0,1,1,A,"(1, 2, 3, 4)","(0, 0, 1, 0, 0)",1,"(1, 2, 3, 4)","(1, 0, 0, 0, 0, 0, 0)",1,0,0,0,0
11163392,4.0,120.0,1,1,O,"(1, 3)","(0, 0, 1, 0, 0)",1,"(2, 4)","(0, 0, 0, 1, 0, 0, 0)",0,0,0,1,0
11163393,4.0,120.0,1,1,O,"(1, 3)","(0, 0, 1, 0, 0)",1,"(1, 3)","(1, 0, 0, 0, 0, 0, 0)",1,0,0,0,0
11163395,6.0,180.0,1,1,A,"(1, 2, 3, 4)","(0, 0, 1, 0, 0)",0,"(1, 2, 3, 4)","(0, 0, 1, 0, 0)",0,0,1,0,0
11163396,6.0,180.0,1,1,E,"(2, 4)","(0, 0, 1, 0, 0)",1,"(1, 3)","(0, 0, 1, 0, 0)",0,0,1,0,0
11163400,6.0,180.0,1,1,4,"(4,)","(0, 0, 1, 0, 0)",1,"(4,)","(0, 0, 1, 0, 0, 0, 0)",0,0,1,0,0
11163403,4.0,120.0,1,1,A,"(1, 2, 3, 4)","(0, 0, 1, 0, 0)",0,"(1, 2, 3, 4)","(0, 0, 1, 0, 0)",0,0,1,0,0
11163405,6.0,180.0,1,1,4,"(4,)","(0, 0, 1, 0, 0)",1,"(3,)","(1, 0, 0, 0, 0, 0, 0)",1,0,0,0,0
11163407,4.0,120.0,1,1,4,"(4,)","(0, 0, 1, 0, 0)",1,"(4,)","(1, 0, 0, 0, 0, 0, 0)",1,0,0,0,0
11163413,2.0,60.0,1,1,O,"(1, 3)","(0, 0, 1, 0, 0)",1,"(1, 3)","(1, 0, 0, 0, 0, 0, 0)",1,0,0,0,0
11163419,8.0,240.0,1,1,A,"(1, 2, 3, 4)","(0, 0, 1, 0, 0)",1,"(1, 2, 3, 4)","(0, 0, 1, 0, 0, 0, 0)",0,0,1,0,0
11163430,6.0,180.0,1,1,4,"(4,)","(0, 0, 1, 0, 0)",1,"(2,)","(0, 0, 0, 1, 0, 0, 0)",0,0,0,1,0
11163431,4.0,120.0,1,1,O,"(1, 3)","(0, 0, 1, 0, 0)",1,"(2, 4)","(1, 0, 0, 0, 0, 0, 0)",1,0,0,0,0
11163444,6.0,180.0,1,1,O,"(1, 3)","(0, 0, 1, 0, 0)",1,"(1, 3)","(1, 0, 0, 0, 0, 0, 0)",1,0,0,0,0
11163457,6.0,180.0,1,1,4,"(4,)","(0, 0, 1, 0, 0)",1,"(4,)","(0, 0, 0, 1, 0, 0, 0)",0,0,0,1,0
11163460,6.0,180.0,1,1,A,"(1, 2, 3, 4)","(0, 0, 1, 0, 0)",0,"(1, 2, 3, 4)","(0, 0, 1, 0, 0)",0,0,1,0,0
11163477,4.0,120.0,1,1,4,"(4,)","(0, 0, 1, 0, 0)",1,"(2,)","(0, 0, 0, 1, 0, 0, 0)",0,0,0,1,0
11163485,16.0,480.0,1,1,A,"(1, 2, 3, 4)","(0, 0, 1, 0, 0)",1,"(1, 2, 3, 4)","(0, 0, 0, 1, 0, 0, 0)",0,0,0,1,0
11163494,4.0,120.0,1,1,O,"(1, 3)","(0, 0, 1, 0, 0)",1,"(2, 4)","(0, 0, 0, 1, 0, 0, 0)",0,0,0,1,0
11163501,4.0,120.0,1,1,4,"(4,)","(0, 0, 1, 0, 0)",1,"(4,)","(0, 0, 1, 0, 0, 0, 0)",0,0,1,0,0
11163555,2.0,60.0,1,1,A,"(1, 2, 3, 4)","(0, 0, 1, 0, 0)",1,"(1, 2, 3, 4)","(1, 0, 0, 0, 0, 0, 0)",1,0,0,0,0
11163556,16.0,480.0,1,1,A,"(1, 2, 3, 4)","(0, 0, 1, 0, 0)",1,"(1, 2, 3, 4)","(1, 0, 0, 0, 0, 0, 0)",1,0,0,0,0
11163563,6.0,180.0,1,1,O,"(1, 3)","(0, 0, 1, 0, 0)",1,"(1, 3)","(1, 0, 0, 0, 0, 0, 0)",1,0,0,0,0
11163568,2.0,60.0,1,1,4,"(4,)","(0, 0, 1, 0, 0)",1,"(4,)","(0, 0, 0, 1, 0, 0, 0)",0,0,0,1,0
11163570,2.0,60.0,1,1,4,"(4,)","(0, 0, 1, 0, 0)",1,"(4,)","(0, 0, 0, 1, 0, 0, 0)",0,0,0,1,0
11163571,2.0,60.0,1,1,4,"(4,)","(0, 0, 1, 0, 0)",1,"(4,)","(0, 0, 0, 1, 0, 0, 0)",0,0,0,1,0
11164093,2.0,60.0,1,1,O,"(1, 3)","(0, 0, 0, 1, 0)",1,"(2, 4)","(1, 0, 0, 0, 0, 0, 0)",1,0,0,0,0
11164107,6.0,180.0,1,1,4,"(4,)","(0, 0, 0, 1, 0)",1,"(4,)","(1, 0, 0, 0, 0, 0, 0)",1,0,0,0,0
11164116,2.0,60.0,1,1,4,"(4,)","(0, 0, 0, 1, 0)",1,"(3,)","(0, 0, 0, 1, 0, 0, 0)",0,0,0,1,0
11164125,2.0,60.0,1,1,4,"(4,)","(0, 0, 0, 1, 0)",1,"(4,)","(0, 0, 0, 1, 0, 0, 0)",0,0,0,1,0
11164126,2.0,60.0,1,1,4,"(4,)","(0, 0, 0, 1, 0)",1,"(4,)","(1, 0, 0, 0, 0, 0, 0)",1,0,0,0,0
11164127,2.0,60.0,1,1,4,"(4,)","(0, 0, 0, 1, 0)",1,"(4,)","(0, 0, 0, 1, 0, 0, 0)",0,0,0,1,0
11164132,4.0,120.0,1,1,4,"(4,)","(0, 0, 0, 1, 0)",1,"(4,)","(1, 0, 0, 0, 0, 0, 0)",1,0,0,0,0
11164133,4.0,120.0,1,1,4,"(4,)","(0, 0, 0, 1, 0)",1,"(4,)","(0, 0, 0, 1, 0, 0, 0)",0,0,0,1,0
11164134,2.0,60.0,1,1,4,"(4,)","(0, 0, 0, 1, 0)",1,"(3,)","(0, 0, 1, 0, 0, 0, 0)",0,0,1,0,0
11164135,4.0,120.0,1,1,O,"(1, 3)","(0, 0, 0, 1, 0)",1,"(1, 3)","(1, 0, 0, 0, 0, 0, 0)",1,0,0,0,0
11164136,6.0,180.0,1,1,4,"(4,)","(0, 0, 0, 1, 0)",1,"(1,)","(1, 0, 0, 0, 0, 0, 0)",1,0,0,0,0
11164138,2.0,60.0,1,1,4,"(4,)","(0, 0, 0, 1, 0)",1,"(4,)","(1, 0, 0, 0, 0, 0, 0)",1,0,0,0,0
11164139,2.0,60.0,1,1,4,"(4,)","(0, 0, 0, 1, 0)",1,"(2,)","(0, 0, 1, 0, 0, 0, 0)",0,0,1,0,0
11164140,2.0,60.0,1,1,4,"(4,)","(0, 0, 0, 1, 0)",1,"(1,)","(0, 0, 0, 1, 0)",0,0,0,1,0
11164141,4.0,120.0,1,1,O,"(1, 3)","(0, 0, 0, 1, 0)",1,"(2, 4)","(0, 0, 0, 1, 0, 0, 0)",0,0,0,1,0
11164142,4.0,120.0,1,1,4,"(4,)","(0, 0, 0, 1, 0)",0,"(4,)","(0, 0, 0, 1, 0)",0,0,0,1,0
11164143,4.0,120.0,1,1,4,"(4,)","(0, 0, 0, 1, 0)",1,"(2,)","(0, 0, 1, 0, 0, 0, 0)",0,0,1,0,0
11164144,2.0,60.0,1,1,4,"(4,)","(0, 0, 0, 1, 0)",1,"(3,)","(1, 0, 0, 0, 0, 0, 0)",1,0,0,0,0
11164147,2.0,60.0,1,1,4,"(4,)","(0, 0, 0, 1, 0)",1,"(1,)","(0, 0, 0, 1, 0, 0, 0)",0,0,0,1,0
11164148,2.0,60.0,1,1,4,"(4,)","(0, 0, 0, 1, 0)",1,"(4,)","(0, 0, 0, 1, 0, 0, 0)",0,0,0,1,0
11164149,4.0,120.0,1,1,O,"(1, 3)","(0, 0, 0, 1, 0)",1,"(2, 4)","(1, 0, 0, 0, 0, 0, 0)",1,0,0,0,0
11164150,2.0,60.0,1,1,4,"(4,)","(0, 0, 0, 1, 0)",1,"(2,)","(1, 0, 0, 0, 0, 0, 0)",1,0,0,0,0
11164151,6.0,180.0,1,1,4,"(4,)","(0, 0, 0, 1, 0)",0,"(4,)","(0, 0, 0, 1, 0)",0,0,0,1,0
11164152,6.0,180.0,1,1,O,"(1, 3)","(0, 0, 0, 1, 0)",1,"(1, 3)","(0, 0, 0, 1, 0, 0, 0)",0,0,0,1,0
11164153,6.0,180.0,1,1,4,"(4,)","(0, 0, 0, 1, 0)",1,"(2,)","(1, 0, 0, 0, 0, 0, 0)",1,0,0,0,0
11164154,4.0,120.0,1,1,4,"(4,)","(0, 0, 0, 1, 0)",1,"(2,)","(0, 0, 1, 0, 0, 0, 0)",0,0,1,0,0
11164155,2.0,60.0,1,1,A,"(1, 2, 3, 4)","(0, 0, 0, 1, 0)",1,"(1, 2, 3, 4)","(0, 0, 1, 0, 0, 0, 0)",0,0,1,0,0
11164156,4.0,120.0,1,1,A,"(1, 2, 3, 4)","(0, 0, 0, 1, 0)",0,"(1, 2, 3, 4)","(0, 0, 0, 1, 0)",0,0,0,1,0
11164157,6.0,180.0,1,1,O,"(1, 3)","(0, 0, 0, 1, 0)",1,"(1, 3)","(0, 0, 1, 0, 0, 0, 0)",0,0,1,0,0
11164160,6.0,180.0,1,1,A,"(1, 2, 3, 4)","(0, 0, 0, 1, 0)",1,"(1, 2, 3, 4)","(0, 0, 1, 0, 0, 0, 0)",0,0,1,0,0
11164161,4.0,120.0,1,1,O,"(1, 3)","(0, 0, 0, 1, 0)",1,"(1, 3)","(1, 0, 0, 0, 0, 0, 0)",1,0,0,0,0
11164162,4.0,120.0,1,1,4,"(4,)","(0, 0, 0, 1, 0)",1,"(4,)","(0, 0, 0, 1, 0, 0, 0)",0,0,0,1,0
11164163,2.0,60.0,1,1,O,"(1, 3)","(0, 0, 0, 1, 0)",1,"(2, 4)","(0, 0, 0, 1, 0)",0,0,0,1,0
11164164,2.0,60.0,1,1,4,"(4,)","(0, 0, 0, 1, 0)",1,"(2,)","(1, 0, 0, 0, 0, 0, 0)",1,0,0,0,0
11164165,2.0,60.0,1,1,4,"(4,)","(0, 0, 0, 1, 0)",1,"(1,)","(0, 0, 0, 1, 0, 0, 0)",0,0,0,1,0
11164166,6.0,180.0,1,1,A,"(1, 2, 3, 4)","(0, 0, 0, 1, 0)",1,"(1, 2, 3, 4)","(1, 0, 0, 0, 0, 0, 0)",1,0,0,0,0
11164167,2.0,60.0,1,1,4,"(4,)","(0, 0, 0, 1, 0)",1,"(1,)","(0, 0, 1, 0, 0, 0, 0)",0,0,1,0,0
11164168,4.0,120.0,1,1,O,"(1, 3)","(0, 0, 0, 1, 0)",1,"(1, 3)","(1, 0, 0, 0, 0, 0, 0)",1,0,0,0,0
11164169,4.0,120.0,1,1,4,"(4,)","(0, 0, 0, 1, 0)",1,"(4,)","(0, 0, 0, 1, 0, 0, 0)",0,0,0,1,0
11164170,6.0,180.0,1,1,A,"(1, 2, 3, 4)","(0, 0, 0, 1, 0)",0,"(1, 2, 3, 4)","(0, 0, 0, 1, 0)",0,0,0,1,0
11164171,2.0,60.0,1,1,4,"(4,)","(0, 0, 0, 1, 0)",1,"(1,)","(0, 0, 0, 1, 0)",0,0,0,1,0
11164172,4.0,120.0,1,1,4,"(4,)","(0, 0, 0, 1, 0)",0,"(4,)","(0, 0, 0, 1, 0)",0,0,0,1,0
11164173,2.0,60.0,1,1,O,"(1, 3)","(0, 0, 0, 1, 0)",1,"(1, 3)","(1, 0, 0, 0, 0, 0, 0)",1,0,0,0,0
11164174,4.0,120.0,1,1,4,"(4,)","(0, 0, 0, 1, 0)",1,"(4,)","(0, 0, 0, 1, 0, 0, 0)",0,0,0,1,0
11164175,4.0,120.0,1,1,4,"(4,)","(0, 0, 0, 1, 0)",1,"(3,)","(0, 0, 0, 1, 0, 0, 0)",0,0,0,1,0
11164176,2.0,60.0,1,1,4,"(4,)","(0, 0, 0, 1, 0)",1,"(4,)","(1, 0, 0, 0, 0, 0, 0)",1,0,0,0,0
11164178,2.0,60.0,1,1,O,"(1, 3)","(0, 0, 0, 1, 0)",1,"(2, 4)","(0, 0, 1, 0, 0, 0, 0)",0,0,1,0,0
11164180,2.0,60.0,1,1,4,"(4,)","(0, 0, 0, 1, 0)",1,"(2,)","(1, 0, 0, 0, 0, 0, 0)",1,0,0,0,0
11164181,4.0,120.0,1,1,4,"(4,)","(0, 0, 0, 1, 0)",1,"(2,)","(1, 0, 0, 0, 0, 0, 0)",1,0,0,0,0
11164182,6.0,180.0,1,1,4,"(4,)","(0, 0, 0, 1, 0)",1,"(1,)","(0, 0, 0, 1, 0, 0, 0)",0,0,0,1,0
11164185,2.0,60.0,1,1,4,"(4,)","(0, 0, 0, 1, 0)",1,"(1,)","(0, 0, 0, 1, 0, 0, 0)",0,0,0,1,0
11164187,2.0,60.0,1,1,4,"(4,)","(0, 0, 0, 1, 0)",1,"(1,)","(1, 0, 0, 0, 0, 0, 0)",1,0,0,0,0
11164188,4.0,120.0,1,1,4,"(4,)","(0, 0, 0, 1, 0)",1,"(2,)","(0, 0, 0, 1, 0, 0, 0)",0,0,0,1,0
11164189,2.0,60.0,1,1,4,"(4,)","(0, 0, 0, 1, 0)",1,"(3,)","(1, 0, 0, 0, 0, 0, 0)",1,0,0,0,0
11164190,4.0,120.0,1,1,4,"(4,)","(0, 0, 0, 1, 0)",1,"(1,)","(1, 0, 0, 0, 0, 0, 0)",1,0,0,0,0
11164191,4.0,120.0,1,1,4,"(4,)","(0, 0, 0, 1, 0)",1,"(2,)","(0, 0, 1, 0, 0, 0, 0)",0,0,1,0,0
11164194,8.0,240.0,1,1,4,"(4,)","(0, 0, 0, 1, 0)",1,"(1,)","(0, 0, 1, 0, 0, 0, 0)",0,0,1,0,0
11164195,4.0,120.0,1,1,4,"(4,)","(0, 0, 0, 1, 0)",1,"(1,)","(0, 0, 1, 0, 0, 0, 0)",0,0,1,0,0
11164196,2.0,60.0,1,1,4,"(4,)","(0, 0, 0, 1, 0)",1,"(3,)","(1, 0, 0, 0, 0, 0, 0)",1,0,0,0,0
11164197,2.0,60.0,1,1,4,"(4,)","(0, 0, 0, 1, 0)",1,"(2,)","(1, 0, 0, 0, 0, 0, 0)",1,0,0,0,0
11164198,2.0,60.0,1,1,4,"(4,)","(0, 0, 0, 1, 0)",1,"(4,)","(0, 0, 1, 0, 0, 0, 0)",0,0,1,0,0
11164199,6.0,180.0,1,1,4,"(4,)","(0, 0, 0, 1, 0)",1,"(3,)","(0, 0, 0, 1, 0)",0,0,0,1,0
11164202,4.0,120.0,1,1,O,"(1, 3)","(0, 0, 0, 1, 0)",1,"(1, 3)","(1, 0, 0, 0, 0, 0, 0)",1,0,0,0,0
11164203,2.0,60.0,1,1,O,"(1, 3)","(0, 0, 0, 1, 0)",1,"(1, 3)","(1, 0, 0, 0, 0, 0, 0)",1,0,0,0,0
11164204,6.0,180.0,1,1,4,"(4,)","(0, 0, 0, 1, 0)",1,"(3,)","(0, 0, 0, 1, 0)",0,0,0,1,0
11164205,4.0,120.0,1,1,4,"(4,)","(0, 0, 0, 1, 0)",0,"(4,)","(0, 0, 0, 1, 0)",0,0,0,1,0
11164206,2.0,60.0,1,1,4,"(4,)","(0, 0, 0, 1, 0)",1,"(3,)","(1, 0, 0, 0, 0, 0, 0)",1,0,0,0,0
11164207,2.0,60.0,1,1,4,"(4,)","(0, 0, 0, 1, 0)",1,"(1,)","(1, 0, 0, 0, 0, 0, 0)",1,0,0,0,0
11164208,2.0,60.0,1,1,4,"(4,)","(0, 0, 0, 1, 0)",1,"(3,)","(0, 0, 0, 1, 0, 0, 0)",0,0,0,1,0
11164209,2.0,60.0,1,1,O,"(1, 3)","(0, 0, 0, 1, 0)",1,"(1, 3)","(1, 0, 0, 0, 0, 0, 0)",1,0,0,0,0
11164210,4.0,120.0,1,1,4,"(4,)","(0, 0, 0, 1, 0)",1,"(4,)","(1, 0, 0, 0, 0, 0, 0)",1,0,0,0,0
11164211,2.0,60.0,1,1,O,"(1, 3)","(0, 0, 0, 1, 0)",1,"(1, 3)","(1, 0, 0, 0, 0, 0, 0)",1,0,0,0,0
11164212,2.0,60.0,1,1,4,"(4,)","(0, 0, 0, 1, 0)",1,"(1,)","(1, 0, 0, 0, 0, 0, 0)",1,0,0,0,0
11164213,2.0,60.0,1,1,4,"(4,)","(0, 0, 0, 1, 0)",1,"(1,)","(0, 0, 1, 0, 0, 0, 0)",0,0,1,0,0
11164214,2.0,60.0,1,1,4,"(4,)","(0, 0, 0, 1, 0)",1,"(3,)","(0, 0, 0, 1, 0, 0, 0)",0,0,0,1,0
11164215,6.0,180.0,1,1,4,"(4,)","(0, 0, 0, 1, 0)",1,"(4,)","(0, 0, 0, 1, 0, 0, 0)",0,0,0,1,0
11164216,8.0,240.0,1,1,4,"(4,)","(0, 0, 0, 1, 0)",1,"(4,)","(1, 0, 0, 0, 0, 0, 0)",1,0,0,0,0
11164217,4.0,120.0,1,1,4,"(4,)","(0, 0, 0, 1, 0)",1,"(1,)","(0, 0, 0, 1, 0)",0,0,0,1,0
11164218,6.0,180.0,1,1,4,"(4,)","(0, 0, 0, 1, 0)",1,"(1,)","(0, 0, 0, 1, 0, 0, 0)",0,0,0,1,0
11164220,2.0,60.0,1,1,O,"(1, 3)","(0, 0, 0, 1, 0)",1,"(2, 4)","(0, 0, 1, 0, 0, 0, 0)",0,0,1,0,0
11164221,2.0,60.0,1,1,O,"(1, 3)","(0, 0, 0, 1, 0)",1,"(1, 3)","(1, 0, 0, 0, 0, 0, 0)",1,0,0,0,0
11164222,2.0,60.0,1,1,4,"(4,)","(0, 0, 0, 1, 0)",1,"(4,)","(0, 0, 1, 0, 0, 0, 0)",0,0,1,0,0
11164223,2.0,60.0,1,1,4,"(4,)","(0, 0, 0, 1, 0)",1,"(2,)","(1, 0, 0, 0, 0, 0, 0)",1,0,0,0,0
11164224,2.0,60.0,1,1,4,"(4,)","(0, 0, 0, 1, 0)",1,"(1,)","(1, 0, 0, 0, 0, 0, 0)",1,0,0,0,0
11164225,4.0,120.0,1,1,4,"(4,)","(0, 0, 0, 1, 0)",1,"(2,)","(1, 0, 0, 0, 0, 0, 0)",1,0,0,0,0
11164231,2.0,60.0,1,1,O,"(1, 3)","(0, 0, 0, 1, 0)",1,"(2, 4)","(1, 0, 0, 0, 0, 0, 0)",1,0,0,0,0
11164232,6.0,180.0,1,1,A,"(1, 2, 3, 4)","(0, 0, 0, 1, 0)",1,"(1, 2, 3, 4)","(0, 0, 1, 0, 0, 0, 0)",0,0,1,0,0
11164233,8.0,240.0,1,1,O,"(1, 3)","(0, 0, 0, 1, 0)",1,"(2, 4)","(0, 0, 1, 0, 0, 0, 0)",0,0,1,0,0
11164234,4.0,120.0,1,1,4,"(4,)","(0, 0, 0, 1, 0)",1,"(2,)","(1, 0, 0, 0, 0, 0, 0)",1,0,0,0,0
11164235,6.0,180.0,1,1,A,"(1, 2, 3, 4)","(0, 0, 0, 1, 0)",1,"(1, 2, 3, 4)","(0, 0, 0, 1, 0, 0, 0)",0,0,0,1,0
11164237,2.0,60.0,1,1,O,"(1, 3)","(0, 0, 0, 1, 0)",1,"(1, 3)","(1, 0, 0, 0, 0, 0, 0)",1,0,0,0,0
11164238,2.0,60.0,1,1,4,"(4,)","(0, 0, 0, 1, 0)",1,"(4,)","(0, 0, 1, 0, 0, 0, 0)",0,0,1,0,0
11164240,6.0,180.0,1,1,4,"(4,)","(0, 0, 0, 1, 0)",1,"(1,)","(0, 0, 1, 0, 0, 0, 0)",0,0,1,0,0
11164241,2.0,60.0,1,1,O,"(1, 3)","(0, 0, 0, 1, 0)",1,"(1, 3)","(0, 0, 0, 1, 0, 0, 0)",0,0,0,1,0
11164242,6.0,180.0,1,1,A,"(1, 2, 3, 4)","(0, 0, 0, 1, 0)",1,"(1, 2, 3, 4)","(0, 0, 0, 1, 0, 0, 0)",0,0,0,1,0
11164243,8.0,240.0,1,1,O,"(1, 3)","(0, 0, 0, 1, 0)",0,"(1, 3)","(0, 0, 0, 1, 0)",0,0,0,1,0
11164244,2.0,60.0,1,1,4,"(4,)","(0, 0, 0, 1, 0)",1,"(2,)","(1, 0, 0, 0, 0, 0, 0)",1,0,0,0,0
11164245,4.0,120.0,1,1,4,"(4,)","(0, 0, 0, 1, 0)",1,"(2,)","(1, 0, 0, 0, 0, 0, 0)",1,0,0,0,0
11164246,2.0,60.0,1,1,4,"(4,)","(0, 0, 0, 1, 0)",1,"(3,)","(0, 0, 0, 1, 0)",0,0,0,1,0
11164248,4.0,120.0,1,1,A,"(1, 2, 3, 4)","(0, 0, 0, 1, 0)",1,"(1, 2, 3, 4)","(1, 0, 0, 0, 0, 0, 0)",1,0,0,0,0
11164249,6.0,180.0,1,1,4,"(4,)","(0, 0, 0, 1, 0)",1,"(3,)","(0, 0, 1, 0, 0, 0, 0)",0,0,1,0,0
11164250,6.0,180.0,1,1,4,"(4,)","(0, 0, 0, 1, 0)",1,"(2,)","(0, 0, 0, 1, 0, 0, 0)",0,0,0,1,0
11164251,4.0,120.0,1,1,4,"(4,)","(0, 0, 0, 1, 0)",0,"(4,)","(0, 0, 0, 1, 0)",0,0,0,1,0
11164253,2.0,60.0,1,1,4,"(4,)","(0, 0, 0, 1, 0)",1,"(4,)","(1, 0, 0, 0, 0, 0, 0)",1,0,0,0,0
11164254,2.0,60.0,1,1,O,"(1, 3)","(0, 0, 0, 1, 0)",1,"(1, 3)","(1, 0, 0, 0, 0, 0, 0)",1,0,0,0,0
11164255,4.0,120.0,1,1,4,"(4,)","(0, 0, 0, 1, 0)",1,"(1,)","(0, 0, 1, 0, 0, 0, 0)",0,0,1,0,0
11164257,8.0,240.0,1,1,O,"(1, 3)","(0, 0, 0, 1, 0)",1,"(1, 3)","(0, 0, 1, 0, 0, 0, 0)",0,0,1,0,0
11164258,6.0,180.0,1,1,O,"(1, 3)","(0, 0, 0, 1, 0)",1,"(1, 3)","(1, 0, 0, 0, 0, 0, 0)",1,0,0,0,0
11164259,6.0,180.0,1,1,4,"(4,)","(0, 0, 0, 1, 0)",0,"(4,)","(0, 0, 0, 1, 0)",0,0,0,1,0
11164260,2.0,60.0,1,1,4,"(4,)","(0, 0, 0, 1, 0)",1,"(1,)","(0, 0, 0, 1, 0, 0, 0)",0,0,0,1,0
11164262,2.0,60.0,1,1,4,"(4,)","(0, 0, 0, 1, 0)",0,"(4,)","(0, 0, 0, 1, 0)",0,0,0,1,0
11164263,4.0,120.0,1,1,4,"(4,)","(0, 0, 0, 1, 0)",1,"(3,)","(1, 0, 0, 0, 0, 0, 0)",1,0,0,0,0
11164265,6.0,180.0,1,1,O,"(1, 3)","(0, 0, 0, 1, 0)",1,"(1, 3)","(0, 0, 0, 1, 0, 0, 0)",0,0,0,1,0
11164266,2.0,60.0,1,1,4,"(4,)","(0, 0, 0, 1, 0)",1,"(3,)","(0, 0, 0, 1, 0)",0,0,0,1,0
11164268,6.0,180.0,1,1,A,"(1, 2, 3, 4)","(0, 0, 0, 1, 0)",0,"(1, 2, 3, 4)","(0, 0, 0, 1, 0)",0,0,0,1,0
11164269,6.0,180.0,1,1,4,"(4,)","(0, 0, 0, 1, 0)",1,"(4,)","(0, 0, 1, 0, 0, 0, 0)",0,0,1,0,0
11164270,6.0,180.0,1,1,O,"(1, 3)","(0, 0, 0, 1, 0)",0,"(1, 3)","(0, 0, 0, 1, 0)",0,0,0,1,0
11164271,4.0,120.0,1,1,4,"(4,)","(0, 0, 0, 1, 0)",1,"(2,)","(0, 0, 1, 0, 0, 0, 0)",0,0,1,0,0
11164274,8.0,240.0,1,1,A,"(1, 2, 3, 4)","(0, 0, 0, 1, 0)",1,"(1, 2, 3, 4)","(0, 0, 0, 1, 0, 0, 0)",0,0,0,1,0
11164275,4.0,120.0,1,1,4,"(4,)","(0, 0, 0, 1, 0)",1,"(1,)","(1, 0, 0, 0, 0, 0, 0)",1,0,0,0,0
11164276,2.0,60.0,1,1,A,"(1, 2, 3, 4)","(0, 0, 0, 1, 0)",0,"(1, 2, 3, 4)","(0, 0, 0, 1, 0)",0,0,0,1,0
11164278,4.0,120.0,1,1,A,"(1, 2, 3, 4)","(0, 0, 0, 1, 0)",1,"(1, 2, 3, 4)","(0, 0, 1, 0, 0, 0, 0)",0,0,1,0,0
11164280,4.0,120.0,1,1,O,"(1, 3)","(0, 0, 0, 1, 0)",1,"(1, 3)","(0, 0, 1, 0, 0, 0, 0)",0,0,1,0,0
11164281,2.0,60.0,1,1,4,"(4,)","(0, 0, 0, 1, 0)",1,"(4,)","(0, 0, 1, 0, 0, 0, 0)",0,0,1,0,0
11164283,8.0,240.0,1,1,O,"(1, 3)","(0, 0, 0, 1, 0)",1,"(2, 4)","(0, 0, 0, 1, 0)",0,0,0,1,0
11164284,2.0,60.0,1,1,O,"(1, 3)","(0, 0, 0, 1, 0)",1,"(1, 3)","(0, 0, 1, 0, 0, 0, 0)",0,0,1,0,0
11164285,6.0,180.0,1,1,A,"(1, 2, 3, 4)","(0, 0, 0, 1, 0)",1,"(1, 2, 3, 4)","(0, 0, 1, 0, 0, 0, 0)",0,0,1,0,0
11164286,2.0,60.0,1,1,4,"(4,)","(0, 0, 0, 1, 0)",1,"(2,)","(1, 0, 0, 0, 0, 0, 0)",1,0,0,0,0
11164287,4.0,120.0,1,1,4,"(4,)","(0, 0, 0, 1, 0)",1,"(4,)","(0, 0, 1, 0, 0, 0, 0)",0,0,1,0,0
11164293,2.0,60.0,1,1,A,"(1, 2, 3, 4)","(0, 0, 0, 1, 0)",1,"(1, 2, 3, 4)","(0, 0, 1, 0, 0, 0, 0)",0,0,1,0,0
11164295,2.0,60.0,1,1,4,"(4,)","(0, 0, 0, 1, 0)",1,"(1,)","(0, 0, 0, 1, 0, 0, 0)",0,0,0,1,0
11164297,4.0,120.0,1,1,4,"(4,)","(0, 0, 0, 1, 0)",0,"(4,)","(0, 0, 0, 1, 0)",0,0,0,1,0
11164300,6.0,180.0,1,1,4,"(4,)","(0, 0, 0, 1, 0)",1,"(1,)","(1, 0, 0, 0, 0, 0, 0)",1,0,0,0,0
11164305,2.0,60.0,1,1,4,"(4,)","(0, 0, 0, 1, 0)",1,"(1,)","(0, 0, 1, 0, 0, 0, 0)",0,0,1,0,0
11164308,2.0,60.0,1,1,4,"(4,)","(0, 0, 0, 1, 0)",1,"(2,)","(0, 0, 1, 0, 0, 0, 0)",0,0,1,0,0
11164313,4.0,120.0,1,1,4,"(4,)","(0, 0, 0, 1, 0)",1,"(2,)","(0, 0, 1, 0, 0, 0, 0)",0,0,1,0,0
11164314,6.0,180.0,1,1,4,"(4,)","(0, 0, 0, 1, 0)",1,"(4,)","(0, 0, 0, 1, 0, 0, 0)",0,0,0,1,0
11164317,4.0,120.0,1,1,4,"(4,)","(0, 0, 0, 1, 0)",1,"(2,)","(0, 0, 0, 1, 0, 0, 0)",0,0,0,1,0
11164323,4.0,120.0,1,1,O,"(1, 3)","(0, 0, 0, 1, 0)",1,"(2, 4)","(1, 0, 0, 0, 0, 0, 0)",1,0,0,0,0
11164325,2.0,60.0,1,1,E,"(2, 4)","(0, 0, 0, 1, 0)",1,"(1, 3)","(1, 0, 0, 0, 0, 0, 0)",1,0,0,0,0
11164326,2.0,60.0,1,1,4,"(4,)","(0, 0, 0, 1, 0)",1,"(3,)","(1, 0, 0, 0, 0, 0, 0)",1,0,0,0,0
11164327,4.0,120.0,1,1,4,"(4,)","(0, 0, 0, 1, 0)",1,"(3,)","(0, 0, 1, 0, 0, 0, 0)",0,0,1,0,0
11164328,4.0,120.0,1,1,O,"(1, 3)","(0, 0, 0, 1, 0)",0,"(1, 3)","(0, 0, 0, 1, 0)",0,0,0,1,0
11164330,4.0,120.0,1,1,4,"(4,)","(0, 0, 0, 1, 0)",1,"(4,)","(0, 0, 1, 0, 0, 0, 0)",0,0,1,0,0
11164335,4.0,120.0,1,1,4,"(4,)","(0, 0, 0, 1, 0)",1,"(2,)","(1, 0, 0, 0, 0, 0, 0)",1,0,0,0,0
11164336,2.0,60.0,1,1,O,"(1, 3)","(0, 0, 0, 1, 0)",0,"(1, 3)","(0, 0, 0, 1, 0)",0,0,0,1,0
11164338,2.0,60.0,1,1,A,"(1, 2, 3, 4)","(0, 0, 0, 1, 0)",1,"(1, 2, 3, 4)","(1, 0, 0, 0, 0, 0, 0)",1,0,0,0,0
11164366,6.0,180.0,1,1,4,"(4,)","(0, 0, 0, 1, 0)",1,"(4,)","(1, 0, 0, 0, 0, 0, 0)",1,0,0,0,0
11164378,4.0,120.0,1,1,4,"(4,)","(0, 0, 0, 1, 0)",1,"(1,)","(0, 0, 0, 1, 0)",0,0,0,1,0
11164397,2.0,60.0,1,1,4,"(4,)","(0, 0, 0, 1, 0)",1,"(3,)","(1, 0, 0, 0, 0, 0, 0)",1,0,0,0,0
11164425,4.0,120.0,1,1,O,"(1, 3)","(0, 0, 0, 1, 0)",1,"(2, 4)","(1, 0, 0, 0, 0, 0, 0)",1,0,0,0,0
11164434,2.0,60.0,1,1,4,"(4,)","(0, 0, 0, 1, 0)",1,"(4,)","(1, 0, 0, 0, 0, 0, 0)",1,0,0,0,0
11164445,6.0,180.0,1,1,4,"(4,)","(0, 0, 0, 1, 0)",1,"(3,)","(1, 0, 0, 0, 0, 0, 0)",1,0,0,0,0
11164497,4.0,120.0,1,1,A,"(1, 2, 3, 4)","(0, 0, 0, 1, 0)",1,"(1, 2, 3, 4)","(0, 0, 0, 1, 0, 0, 0)",0,0,0,1,0
