custno,xcoord,ycoord,edgeid,qty,volume,weight,sos,frequency,BEF_MON,BEF_TUE,BEF_WED,BEF_THU,BEF_FRI,BEF_SAT,BEF_SUN,dowcd,dowlockcd,wccd_flag,material_typ,clusterid,dataset_id
11161430,-88.06643,44.960246,00005557-4900-0400-0000-0000000c6ba6,1,4.0,120.0,2,1,1,0,0,0,0,0,0,O,0,0,1,0,1027633
11161433,-88.071861,44.956753,00005557-4900-0400-0000-0000000c6ba6,1,4.0,120.0,1,1,1,0,0,0,0,0,0,O,0,0,1,0,1027633
11161434,-88.085838,44.957635,00005557-4900-0400-0000-0000000c6b61,1,4.0,120.0,2,1,1,0,0,0,0,0,0,O,0,0,1,0,1027633
11161448,-88.165962,44.966365,00005557-4900-0400-0000-0000000c88a7,1,6.0,180.0,1,1,1,0,0,0,0,0,0,O,0,0,1,0,1027633
11161486,-88.070651,44.981977,00005557-4900-0400-0000-0000000c6c22,1,8.0,240.0,1,1,1,0,0,0,0,0,0,O,0,0,1,0,1027633
11161490,-88.104015,45.014717,00005557-4900-0400-0000-0000001bfb89,1,6.0,180.0,2,1,1,0,0,0,0,0,0,O,0,0,1,0,1027633
11161491,-88.253491,45.00478,fbba71d0-62f2-4ac0-8b14-2f15f300bfd4,1,4.0,120.0,2,1,1,0,0,0,0,0,0,O,0,0,1,0,1027633
11161505,-88.143786,45.057329,00005557-4900-0400-0000-0000001bf9bd,1,2.0,60.0,2,1,1,0,0,0,0,0,0,O,0,0,1,0,1027633
11161506,-88.139896,45.053002,00005557-4900-0400-0000-0000000c5a08,1,4.0,120.0,1,1,1,0,0,0,0,0,0,O,0,0,1,0,1027633
11161521,-88.123704,45.025369,00005557-4900-0400-0000-0000000c5c88,1,4.0,120.0,1,1,1,0,0,0,0,0,0,O,0,0,1,0,1027633
11161522,-88.184942,45.038893,bc9f656a-8ec7-4828-8e1e-6087a232ceef,1,8.0,240.0,1,1,1,0,0,0,0,0,0,O,0,0,1,0,1027633
11161527,-88.20779,44.989993,00005557-4900-0400-0000-0000001bfee6,1,4.0,120.0,2,1,1,0,0,0,0,0,0,O,0,0,1,0,1027633
11161532,-88.163029,45.003038,00005557-4900-0400-0000-0000001bff00,1,6.0,180.0,2,1,1,0,0,0,0,0,0,O,0,0,1,0,1027633
11161538,-88.128412,45.039711,84eedd45-0e90-4e13-8ec4-ea45d8d1c157,1,4.0,120.0,2,1,1,0,0,0,0,0,0,O,0,0,1,0,1027633
11161540,-88.182925,45.024986,00005557-4900-0400-0000-000000003fac,1,2.0,60.0,2,1,1,0,0,0,0,0,0,O,0,0,1,0,1027633
11161542,-88.204165,44.980344,00005557-4900-0400-0000-0000001bfee3,1,6.0,180.0,1,1,1,0,0,0,0,0,0,O,0,0,1,0,1027633
11161544,-88.235222,45.025657,a52f3def-c8cf-4bd2-a778-209d0f83f6c1,1,2.0,60.0,2,1,1,0,0,0,0,0,0,O,0,0,1,0,1027633
11161548,-88.217606,44.96574,00005557-4900-0400-0000-0000000c884b,1,2.0,60.0,1,1,1,0,0,0,0,0,0,O,0,0,1,0,1027633
11161556,-88.221358,44.931534,00005557-4900-0400-0000-0000001bfdc2,1,4.0,120.0,1,1,1,0,0,0,0,0,0,O,0,0,1,0,1027633
11161561,-88.236285,45.014286,00005557-4900-0400-0000-0000000c8866,1,6.0,180.0,1,1,1,0,0,0,0,0,0,O,0,0,1,0,1027633
11161564,-88.164025,45.010876,00005557-4900-0400-0000-0000001bff03,1,4.0,120.0,2,1,1,0,0,0,0,0,0,O,0,0,1,0,1027633
11161567,-88.207121,44.919151,00005557-4900-0400-0000-0000000c814e,1,4.0,120.0,2,1,1,0,0,0,0,0,0,O,0,0,1,0,1027633
11161569,-88.162724,45.00821,b48b93f6-ae68-4b49-9cd4-19372767c481,1,4.0,120.0,2,1,1,0,0,0,0,0,0,O,0,0,1,0,1027633
11161574,-88.230976,44.942633,00005557-4900-0400-0000-0000000c8924,1,4.0,120.0,2,1,1,0,0,0,0,0,0,O,0,0,1,0,1027633
11161580,-88.27435,44.919813,00005557-4900-0400-0000-0000000c6576,1,4.0,120.0,2,1,1,0,0,0,0,0,0,O,0,0,1,0,1027633
11161584,-88.250615,44.89662,b068eca6-eb67-47fa-b02e-4b0511399022,1,2.0,60.0,1,1,1,0,0,0,0,0,0,O,0,0,1,0,1027633
11161601,-88.241963,44.852256,00005557-4900-0400-0000-000000003f1e,2,12.0,360.0,2,1,1,0,0,0,0,0,0,O,0,0,1,0,1027633
11161606,-88.231403,44.86491,00005557-4900-0400-0000-0000000c801b,1,4.0,120.0,1,1,1,0,0,0,0,0,0,O,0,0,1,0,1027633
11161629,-88.246909,44.873706,00005557-4900-0400-0000-0000001ce362,1,4.0,120.0,2,1,1,0,0,0,0,0,0,O,0,0,1,0,1027633
4505201,-86.012589,40.0459,1067233610,1,2.0,106.0,2,1,1,0,0,0,0,0,0,O,0,0,1,0,1042199
4505335,-85.999161,40.045218,1278375533,1,4.0,212.0,2,1,1,0,0,0,0,0,0,O,0,0,1,0,1042199
4505379,-86.120942,40.116052,1066949468,1,3.0,159.0,1,1,1,0,0,0,0,0,0,O,0,0,1,0,1042199
4505468,-86.057846,39.89256,1115275111,1,2.0,106.0,1,1,1,0,0,0,0,0,0,O,0,0,1,0,1042199
4505855,-86.124664,40.082977,1278757045,1,4.0,212.0,1,1,1,0,0,0,0,0,0,O,0,0,1,0,1042199
4506767,-86.009559,39.845596,1279237105,1,4.0,212.0,2,1,1,0,0,0,0,0,0,O,0,0,1,0,1042199
4505892,-85.961592,40.116486,1291190741,1,4.0,212.0,1,1,0,1,0,0,0,0,0,O,0,0,1,0,1042199
4505919,-85.900716,40.210291,125142624,1,8.0,424.0,2,1,0,1,0,0,0,0,0,O,0,0,1,0,1042199
4505950,-86.120785,39.854293,1278797022,1,3.0,159.0,2,1,0,1,0,0,0,0,0,O,0,0,1,0,1042199
4505970,-86.022144,40.176451,1262298652,1,2.0,106.0,1,1,0,1,0,0,0,0,0,O,0,0,1,0,1042199
4505971,-85.940911,40.161752,1278370835,1,8.0,424.0,2,1,0,1,0,0,0,0,0,O,0,0,1,0,1042199
4505998,-86.009657,40.058038,1149018261,1,3.0,159.0,2,1,0,1,0,0,0,0,0,O,0,0,1,0,1042199
4506000,-85.950761,40.113536,814370110,1,6.0,318.0,2,1,0,1,0,0,0,0,0,O,0,0,1,0,1042199
4506063,-85.943294,40.134613,1067326338,1,4.0,212.0,2,1,0,1,0,0,0,0,0,O,0,0,1,0,1042199
4506076,-85.979662,39.860363,1279247076,1,6.0,318.0,1,1,0,1,0,0,0,0,0,O,0,0,1,0,1042199
4506101,-86.011484,39.95537,1297398014,1,2.0,106.0,2,1,0,1,0,0,0,0,0,O,0,0,1,0,1042199
4506123,-85.939172,40.15352,1219927621,1,6.0,318.0,2,1,0,1,0,0,0,0,0,O,0,0,1,0,1042199
4506153,-86.022122,40.176257,1278822563,1,4.0,212.0,1,1,0,1,0,0,0,0,0,O,0,0,1,0,1042199
4506194,-86.123234,39.837353,1293456536,1,4.0,212.0,2,1,0,1,0,0,0,0,0,O,0,0,1,0,1042199
4506249,-86.122598,39.865241,1279068980,1,2.0,106.0,1,1,0,1,0,0,0,0,0,O,0,0,1,0,1042199
4506278,-86.000871,40.039645,1246255624,1,8.0,424.0,1,1,0,1,0,0,0,0,0,O,0,0,1,0,1042199
4506490,-86.026079,40.172257,1278392698,1,8.0,424.0,2,1,0,1,0,0,0,0,0,O,0,0,1,0,1042199
4506525,-86.022822,40.17531,35258738,1,4.0,212.0,2,1,0,1,0,0,0,0,0,O,0,0,1,0,1042199
4506588,-86.090708,40.004631,1291641889,1,6.0,318.0,2,1,0,1,0,0,0,0,0,O,0,0,1,0,1042199
4506616,-85.936767,40.102743,111808625,1,2.0,106.0,1,1,0,1,0,0,0,0,0,O,0,0,1,0,1042199
4506620,-86.013108,40.040938,1278366981,1,6.0,318.0,2,1,0,1,0,0,0,0,0,O,0,0,1,0,1042199
4506624,-86.128675,39.847326,1228421892,1,2.0,106.0,2,1,0,1,0,0,0,0,0,O,0,0,1,0,1042199
4506649,-86.028003,39.93375,1278212395,1,2.0,106.0,1,1,0,1,0,0,0,0,0,O,0,0,1,0,1042199
4506660,-85.956029,39.876334,1279238967,1,2.0,106.0,2,1,0,1,0,0,0,0,0,O,0,0,1,0,1042199
4506674,-86.02494,40.10212,1297367563,1,2.0,106.0,1,1,0,1,0,0,0,0,0,O,0,0,1,0,1042199
4506675,-85.988809,40.175591,1309712430,1,2.0,106.0,2,1,0,1,0,0,0,0,0,O,0,0,1,0,1042199
4506707,-85.987919,40.180349,125142635,1,2.0,106.0,2,1,0,1,0,0,0,0,0,O,0,0,1,0,1042199
4506741,-86.06126,39.993866,708429994,1,6.0,318.0,2,1,0,1,0,0,0,0,0,O,0,0,1,0,1042199
4506748,-86.07734,39.904039,1311703048,1,2.0,106.0,1,1,0,1,0,0,0,0,0,O,0,0,1,0,1042199
4506750,-86.047068,39.909279,1228430090,1,2.0,106.0,2,1,0,1,0,0,0,0,0,O,0,0,1,0,1042199
4506770,-85.964593,40.105655,1239682871,1,8.0,424.0,2,1,0,1,0,0,0,0,0,O,0,0,1,0,1042199
4506806,-86.121373,39.845403,1278820261,1,4.0,212.0,2,1,0,1,0,0,0,0,0,O,0,0,1,0,1042199
4506862,-86.072665,39.951343,1165279835,1,8.0,424.0,2,1,0,1,0,0,0,0,0,O,0,0,1,0,1042199
4506865,-86.025789,39.841858,1279221332,1,2.0,106.0,2,1,0,1,0,0,0,0,0,O,0,0,1,0,1042199
4506885,-85.961661,39.899954,1162401240,1,6.0,318.0,2,1,0,1,0,0,0,0,0,O,0,0,1,0,1042199
4506918,-86.025724,39.841935,1279221332,1,6.0,318.0,2,1,0,1,0,0,0,0,0,O,0,0,1,0,1042199
4507211,-86.119805,39.886006,1296783038,1,2.0,106.0,2,1,0,1,0,0,0,0,0,O,0,0,1,0,1042199
11163197,-88.328335,44.865716,00005557-4900-0400-0000-0000000c658f,1,4.0,120.0,1,1,0,0,1,0,0,0,0,O,0,0,1,0,1027633
11163201,-88.311195,44.89361,00005557-4900-0400-0000-0000000c6458,1,4.0,120.0,2,1,0,0,1,0,0,0,0,O,0,0,1,0,1027633
11163203,-88.3071302,44.8932863,00005557-4900-0400-0000-0000000c6489,1,8.0,240.0,2,1,0,0,1,0,0,0,0,O,0,0,1,0,1027633
11163211,-88.3055352,44.890744,de1479d4-69f6-44c8-bdf0-38203ce97fc7,1,4.0,120.0,1,1,0,0,1,0,0,0,0,O,0,0,1,0,1027633
11163213,-88.314977,44.904656,00005557-4900-0400-0000-0000000c65ac,1,2.0,60.0,2,1,0,0,1,0,0,0,0,O,0,0,1,0,1027633
11163215,-88.3122375,44.8908612,00005557-4900-0400-0000-0000000c6416,1,6.0,180.0,2,1,0,0,1,0,0,0,0,O,0,0,1,0,1027633
11163217,-88.309186,44.892901,00005557-4900-0400-0000-0000000c6499,1,6.0,180.0,1,1,0,0,1,0,0,0,0,O,0,0,1,0,1027633
11163220,-88.366771,44.926166,00005557-4900-0400-0000-000000003ed1,1,2.0,60.0,2,1,0,0,1,0,0,0,0,O,0,0,1,0,1027633
11163221,-88.309908,44.892656,00005557-4900-0400-0000-0000000c6499,1,4.0,120.0,1,1,0,0,1,0,0,0,0,O,0,0,1,0,1027633
11163237,-88.306965,44.890467,de1479d4-69f6-44c8-bdf0-38203ce97fc7,1,4.0,120.0,1,1,0,0,1,0,0,0,0,O,0,0,1,0,1027633
11163239,-88.4142235,45.1144172,00005557-4900-0400-0000-0000000c5dc5,1,2.0,60.0,2,1,0,0,1,0,0,0,0,O,0,0,1,0,1027633
11163243,-88.385713,44.917414,00005557-4900-0400-0000-0000000c9145,1,2.0,60.0,2,1,0,0,1,0,0,0,0,O,0,0,1,0,1027633
11163245,-88.4184233,45.1062119,00005557-4900-0400-0000-0000000c5e76,1,4.0,120.0,2,1,0,0,1,0,0,0,0,O,0,0,1,0,1027633
11163247,-88.403518,45.01573,e0c1c844-5648-4d1e-b134-bf37c9f92bce,1,2.0,60.0,2,1,0,0,1,0,0,0,0,O,0,0,1,0,1027633
11163252,-88.4507874,45.1297501,dc51653a-560a-4963-86f5-fae6b6469731,1,8.0,240.0,2,1,0,0,1,0,0,0,0,O,0,0,1,0,1027633
11163258,-88.344915,44.91349,00005557-4900-0400-0000-0000000c64db,1,8.0,240.0,2,1,0,0,1,0,0,0,0,O,0,0,1,0,1027633
11163262,-88.469788,45.142737,00005557-4900-0400-0000-0000000c77d5,1,2.0,60.0,2,1,0,0,1,0,0,0,0,O,0,0,1,0,1027633
11163266,-88.463057,45.139548,a7f326a6-3254-4901-9495-ad4aaa350785,1,2.0,60.0,1,1,0,0,1,0,0,0,0,O,0,0,1,0,1027633
11163267,-88.451185,45.139293,00005557-4900-0400-0000-0000000c784f,1,2.0,60.0,2,1,0,0,1,0,0,0,0,O,0,0,1,0,1027633
11163286,-88.433321,45.117291,00005557-4900-0400-0000-0000000c758a,2,16.0,480.0,1,1,0,0,1,0,0,0,0,O,0,0,1,0,1027633
11163297,-88.371512,45.002035,00005557-4900-0400-0000-0000000c8bf6,1,2.0,60.0,1,1,0,0,1,0,0,0,0,O,0,0,1,0,1027633
11163305,-88.4239013,45.0872733,00005557-4900-0400-0000-0000001bfa14,1,4.0,120.0,2,1,0,0,1,0,0,0,0,O,0,0,1,0,1027633
11163311,-88.3661983,45.0009935,00005557-4900-0400-0000-0000000c8c08,1,4.0,120.0,1,1,0,0,1,0,0,0,0,O,0,0,1,0,1027633
11163315,-88.416963,45.118403,00005557-4900-0400-0000-0000001b03ae,1,2.0,60.0,2,1,0,0,1,0,0,0,0,O,0,0,1,0,1027633
11163340,-88.314636,45.026939,00005557-4900-0400-0000-0000000c7312,1,4.0,120.0,2,1,0,0,1,0,0,0,0,O,0,0,1,0,1027633
11163341,-88.370539,45.004724,c8e490a3-3a3a-40fb-aead-95a637ae7270,1,6.0,180.0,2,1,0,0,1,0,0,0,0,O,0,0,1,0,1027633
11163349,-88.3706888,45.0001465,00005557-4900-0400-0000-0000000c8bef,1,4.0,120.0,2,1,0,0,1,0,0,0,0,O,0,0,1,0,1027633
11163357,-88.391275,44.998143,00005557-4900-0400-0000-00000000f09c,1,2.0,60.0,1,1,0,0,1,0,0,0,0,O,0,0,1,0,1027633
11163360,-88.4377535,45.0037499,00005557-4900-0400-0000-0000000c6674,1,4.0,120.0,1,1,0,0,1,0,0,0,0,O,0,0,1,0,1027633
11163365,-88.382871,45.0262529,00005557-4900-0400-0000-0000001b940a,1,4.0,120.0,2,1,0,0,1,0,0,0,0,O,0,0,1,0,1027633
11163370,-88.430256,45.029068,00005557-4900-0400-0000-0000001b9641,1,4.0,120.0,1,1,0,0,1,0,0,0,0,O,0,0,1,0,1027633
11163387,-88.3666347,44.9986678,a7adeae8-76f8-411a-a158-a0b343d7f88b,1,2.0,60.0,1,1,0,0,1,0,0,0,0,O,0,0,1,0,1027633
11163392,-88.371978,44.999162,dd2c9c2d-1175-46cc-be7a-a2849255f326,1,4.0,120.0,2,1,0,0,1,0,0,0,0,O,0,0,1,0,1027633
11163393,-88.4505909,45.1263495,e0ec83f3-c713-40bc-af9c-365d6414f7d8,1,4.0,120.0,2,1,0,0,1,0,0,0,0,O,0,0,1,0,1027633
11163413,-88.285047,44.879941,00005557-4900-0400-0000-0000001bfabb,1,2.0,60.0,1,1,0,0,1,0,0,0,0,O,0,0,1,0,1027633
11163431,-88.373735,44.9983134,00005557-4900-0400-0000-0000000c8c20,1,4.0,120.0,2,1,0,0,1,0,0,0,0,O,0,0,1,0,1027633
11163444,-88.31152,44.855525,00005557-4900-0400-0000-0000000c64ee,1,6.0,180.0,1,1,0,0,1,0,0,0,0,O,0,0,1,0,1027633
11163494,-88.3073234,44.8899914,00005557-4900-0400-0000-0000000c64a6,1,4.0,120.0,2,1,0,0,1,0,0,0,0,O,0,0,1,0,1027633
11163563,-88.4695009,45.179779,f58f3cc9-0039-4d10-8ce1-74b9b1b5e37f,1,6.0,180.0,2,1,0,0,1,0,0,0,0,O,0,0,1,0,1027633
4506261,-86.000837,40.047177,1220042746,1,6.0,318.0,1,1,0,0,1,0,0,0,0,O,0,0,1,0,1042199
4506511,-86.100102,39.930089,19498867,1,6.0,318.0,1,1,0,0,1,0,0,0,0,O,0,0,1,0,1042199
4506759,-86.018464,39.92975,1278254535,1,4.0,212.0,2,1,0,0,1,0,0,0,0,O,0,0,1,0,1042199
4507043,-86.002679,40.043168,1278369755,1,2.0,106.0,1,1,0,0,1,0,0,0,0,O,0,0,1,0,1042199
4507049,-86.122391,39.838808,1279159171,1,2.0,106.0,1,1,0,0,1,0,0,0,0,O,0,0,1,0,1042199
4507186,-86.038636,40.040374,19491455,1,2.0,106.0,1,1,0,0,1,0,0,0,0,O,0,0,1,0,1042199
4507271,-86.049072,39.897439,1279084333,1,4.0,212.0,2,1,0,0,1,0,0,0,0,O,0,0,1,0,1042199
4507400,-86.045327,39.888573,1197042932,1,2.0,106.0,2,1,0,0,1,0,0,0,0,O,0,0,1,0,1042199
4507415,-86.025445,40.050603,1324563434,1,2.0,106.0,2,1,0,0,1,0,0,0,0,O,0,0,1,0,1042199
4507490,-86.070308,39.908751,1050723447,1,4.0,212.0,2,1,0,0,1,0,0,0,0,O,0,0,1,0,1042199
4507513,-86.005948,39.853377,1279230490,1,4.0,212.0,1,1,0,0,1,0,0,0,0,O,0,0,1,0,1042199
4507552,-86.06924,39.911335,19500727,1,4.0,212.0,2,1,0,0,1,0,0,0,0,O,0,0,1,0,1042199
4507596,-86.02462,39.837995,1050236680,1,4.0,212.0,1,1,0,0,1,0,0,0,0,O,0,0,1,0,1042199
11164093,-87.998004,44.924765,00005557-4900-0400-0000-0000001bfd8a,1,2.0,60.0,1,1,0,0,0,1,0,0,0,O,0,0,1,0,1027633
11164135,-87.978546,44.973696,00005557-4900-0400-0000-0000000c6d76,1,4.0,120.0,1,1,0,0,0,1,0,0,0,O,0,0,1,0,1027633
11164141,-88.04712,44.953876,00005557-4900-0400-0000-0000000c6b1a,1,4.0,120.0,1,1,0,0,0,1,0,0,0,O,0,0,1,0,1027633
11164149,-88.049544,44.953123,00005557-4900-0400-0000-0000000c6afa,1,4.0,120.0,2,1,0,0,0,1,0,0,0,O,0,0,1,0,1027633
11164152,-88.049642,44.949327,00005557-4900-0400-0000-0000000c6aed,1,6.0,180.0,1,1,0,0,0,1,0,0,0,O,0,0,1,0,1027633
11164157,-88.056857,44.953444,00005557-4900-0400-0000-0000001bfb78,1,6.0,180.0,2,1,0,0,0,1,0,0,0,O,0,0,1,0,1027633
11164161,-88.047457,44.976567,d715f95e-f08f-4d18-a342-3aaed24a9b58,1,4.0,120.0,1,1,0,0,0,1,0,0,0,O,0,0,1,0,1027633
11164163,-88.050005,44.952085,00005557-4900-0400-0000-0000000c6aec,1,2.0,60.0,1,1,0,0,0,1,0,0,0,O,0,0,1,0,1027633
11164168,-88.056993,44.949753,00005557-4900-0400-0000-0000000c6ab2,1,4.0,120.0,2,1,0,0,0,1,0,0,0,O,0,0,1,0,1027633
11164173,-88.04945,44.965802,00005557-4900-0400-0000-0000001bfba7,1,2.0,60.0,2,1,0,0,0,1,0,0,0,O,0,0,1,0,1027633
11164178,-88.048851,44.949203,00005557-4900-0400-0000-0000000c6b13,1,2.0,60.0,1,1,0,0,0,1,0,0,0,O,0,0,1,0,1027633
11164202,-87.957982,45.074843,00005557-4900-0400-0000-0000000a9700,1,4.0,120.0,2,1,0,0,0,1,0,0,0,O,0,0,1,0,1027633
11164203,-88.011478,45.015922,00005557-4900-0400-0000-0000001bfba2,1,2.0,60.0,2,1,0,0,0,1,0,0,0,O,0,0,1,0,1027633
11164209,-87.934999,45.065572,adbcdcec-bb9a-4d9b-adf6-d44dc9661478,1,2.0,60.0,2,1,0,0,0,1,0,0,0,O,0,0,1,0,1027633
11164211,-87.95853,45.074667,00005557-4900-0400-0000-0000000a9700,1,2.0,60.0,1,1,0,0,0,1,0,0,0,O,0,0,1,0,1027633
11164220,-87.957631,45.071912,00005557-4900-0400-0000-0000000a96c7,1,2.0,60.0,2,1,0,0,0,1,0,0,0,O,0,0,1,0,1027633
11164221,-87.854048,44.989783,00005557-4900-0400-0000-0000000c6e79,1,2.0,60.0,1,1,0,0,0,1,0,0,0,O,0,0,1,0,1027633
11164231,-87.976296,45.009878,00005557-4900-0400-0000-0000000c6e83,1,2.0,60.0,1,1,0,0,0,1,0,0,0,O,0,0,1,0,1027633
11164233,-87.88328,44.890673,00005557-4900-0400-0000-0000000c7b75,1,8.0,240.0,2,1,0,0,0,1,0,0,0,O,0,0,1,0,1027633
11164237,-87.867685,44.887477,00005557-4900-0400-0000-0000000c798f,1,2.0,60.0,1,1,0,0,0,1,0,0,0,O,0,0,1,0,1027633
11164241,-87.903872,45.054996,00005557-4900-0400-0000-0000000a77ca,1,2.0,60.0,1,1,0,0,0,1,0,0,0,O,0,0,1,0,1027633
11164243,-87.870051,44.888493,00005557-4900-0400-0000-0000000c7984,1,8.0,240.0,2,1,0,0,0,1,0,0,0,O,0,0,1,0,1027633
11164254,-87.992696,44.979413,00005557-4900-0400-0000-0000000c6e67,1,2.0,60.0,2,1,0,0,0,1,0,0,0,O,0,0,1,0,1027633
11164257,-87.889606,44.878488,00005557-4900-0400-0000-0000001bfd4c,1,8.0,240.0,1,1,0,0,0,1,0,0,0,O,0,0,1,0,1027633
11164258,-87.883779,44.895755,00005557-4900-0400-0000-0000000c7b9f,1,6.0,180.0,1,1,0,0,0,1,0,0,0,O,0,0,1,0,1027633
11164265,-87.871142,44.888855,825f5ba4-565a-4dc4-b12b-405a9194b9ee,1,6.0,180.0,2,1,0,0,0,1,0,0,0,O,0,0,1,0,1027633
11164270,-87.938853,44.966041,a661230e-7517-45b4-b4cf-430d412530ef,1,6.0,180.0,2,1,0,0,0,1,0,0,0,O,0,0,1,0,1027633
11164280,-87.910409,44.882407,00005557-4900-0400-0000-0000000c7dce,1,4.0,120.0,2,1,0,0,0,1,0,0,0,O,0,0,1,0,1027633
11164283,-87.879924,44.888026,00005557-4900-0400-0000-0000000c7941,1,8.0,240.0,1,1,0,0,0,1,0,0,0,O,0,0,1,0,1027633
11164284,-87.862624,44.943548,b1a82e23-545d-4ec0-93f0-ec39a2155e97,1,2.0,60.0,2,1,0,0,0,1,0,0,0,O,0,0,1,0,1027633
11164323,-88.035431,44.952204,00005557-4900-0400-0000-0000001cad64,1,4.0,120.0,1,1,0,0,0,1,0,0,0,O,0,0,1,0,1027633
11164328,-88.035388,44.952792,00005557-4900-0400-0000-0000001cad64,1,4.0,120.0,1,1,0,0,0,1,0,0,0,O,0,0,1,0,1027633
11164336,-87.882485,44.872343,00005557-4900-0400-0000-0000000c7e12,1,2.0,60.0,1,1,0,0,0,1,0,0,0,O,0,0,1,0,1027633
11164425,-87.8692504,44.888326,00005557-4900-0400-0000-0000000c798d,1,4.0,120.0,2,1,0,0,0,1,0,0,0,O,0,0,1,0,1027633
4506905,-86.052258,40.04262,1278323584,1,6.0,318.0,1,1,0,0,0,1,0,0,0,O,0,0,1,0,1042199
4506906,-85.99654,40.064965,1278305416,1,8.0,424.0,1,1,0,0,0,1,0,0,0,O,0,0,1,0,1042199
4506912,-86.026834,39.844698,1279220257,1,2.0,106.0,2,1,0,0,0,1,0,0,0,O,0,0,1,0,1042199
4506937,-86.124001,40.135799,1185987551,1,8.0,424.0,1,1,0,0,0,1,0,0,0,O,0,0,1,0,1042199
4506940,-86.123635,39.883897,1296782745,1,4.0,212.0,1,1,0,0,0,1,0,0,0,O,0,0,1,0,1042199
4506967,-86.032079,39.915593,1279226905,1,2.0,106.0,2,1,0,0,0,1,0,0,0,O,0,0,1,0,1042199
4506969,-86.12366,39.846147,1278820250,1,3.0,159.0,1,1,0,0,0,1,0,0,0,O,0,0,1,0,1042199
4506970,-85.98275,39.863597,1279283539,1,2.0,106.0,1,1,0,0,0,1,0,0,0,O,0,0,1,0,1042199
4506995,-86.047534,40.042728,1220046608,1,4.0,212.0,2,1,0,0,0,1,0,0,0,O,0,0,1,0,1042199
4507001,-85.962461,39.867398,19465082,1,6.0,318.0,2,1,0,0,0,1,0,0,0,O,0,0,1,0,1042199
4507003,-86.07559,39.881074,1296875008,1,4.0,212.0,1,1,0,0,0,1,0,0,0,O,0,0,1,0,1042199
4507004,-86.070269,39.883924,1279030262,1,2.0,106.0,1,1,0,0,0,1,0,0,0,O,0,0,1,0,1042199
4507029,-85.978913,39.862093,1279245391,1,2.0,106.0,1,1,0,0,0,1,0,0,0,O,0,0,1,0,1042199
4507054,-86.124245,40.131506,1149205873,1,2.0,106.0,1,1,0,0,0,1,0,0,0,O,0,0,1,0,1042199
4507055,-86.007236,39.974059,1297369619,1,8.0,424.0,1,1,0,0,0,1,0,0,0,O,0,0,1,0,1042199
4507148,-86.062324,39.845583,1196419188,1,6.0,318.0,2,1,0,0,0,1,0,0,0,O,0,0,1,0,1042199
4507179,-86.042592,39.889511,1279069282,1,4.0,212.0,1,1,0,0,0,1,0,0,0,O,0,0,1,0,1042199
4507204,-86.076246,39.880632,1296874992,1,2.0,106.0,1,1,0,0,0,1,0,0,0,O,0,0,1,0,1042199
4507280,-86.051093,39.90539,1279147376,1,2.0,106.0,2,1,0,0,0,1,0,0,0,O,0,0,1,0,1042199
4507284,-86.02599,39.810961,1279160003,1,6.0,318.0,2,1,0,0,0,1,0,0,0,O,0,0,1,0,1042199
4507314,-86.098317,39.869946,1050566715,1,4.0,212.0,1,1,0,0,0,1,0,0,0,O,0,0,1,0,1042199
4507360,-85.980414,39.859539,1279247075,1,4.0,212.0,1,1,0,0,0,1,0,0,0,O,0,0,1,0,1042199
4507385,-86.025504,39.83629,1050323596,1,4.0,212.0,2,1,0,0,0,1,0,0,0,O,0,0,1,0,1042199
4507404,-86.041936,39.917429,1279102084,1,8.0,424.0,1,1,0,0,0,1,0,0,0,O,0,0,1,0,1042199
4507409,-86.06465,39.840721,1279092699,1,4.0,212.0,2,1,0,0,0,1,0,0,0,O,0,0,1,0,1042199
4507435,-86.06749,39.880981,1050275157,1,6.0,318.0,2,1,0,0,0,1,0,0,0,O,0,0,1,0,1042199
4507524,-86.047421,39.839711,1050222221,1,2.0,106.0,1,1,0,0,0,1,0,0,0,O,0,0,1,0,1042199
4507583,-85.980258,39.861257,1279243298,1,4.0,212.0,2,1,0,0,0,1,0,0,0,O,0,0,1,0,1042199
4507648,-86.058526,39.893554,19503104,1,2.0,106.0,1,1,0,0,0,1,0,0,0,O,0,0,1,0,1042199
4507547,-86.038006,39.925299,1148893264,1,2.0,106.0,2,1,0,0,0,0,1,0,0,O,0,0,1,0,1042199
4507628,-86.014293,40.047028,1148898540,1,2.0,106.0,1,1,0,0,0,0,1,0,0,O,0,0,1,0,1042199
4507657,-86.118397,39.839716,1278804993,1,2.0,106.0,1,1,0,0,0,0,1,0,0,O,0,0,1,0,1042199
