custno,xcoord,ycoord,edgeid,qty,volume,weight,sos,frequency,BEF_MON,BEF_TUE,BEF_WED,BEF_THU,BEF_FRI,BEF_SAT,BEF_SUN,dowcd,dowlockcd,wccd_flag,material_typ,clusterid
11161428,-88.074147,44.966073,00005557-4900-0400-0000-0000001bfb92,1,2.0,60.0,2,1,1,0,0,0,0,0,0,4,0,0,1,0
11161429,-88.066466,44.961987,00005557-4900-0400-0000-0000000c6ba6,1,4.0,120.0,2,1,1,0,0,0,0,0,0,4,0,0,1,0
11161430,-88.06643,44.960246,00005557-4900-0400-0000-0000000c6ba6,1,4.0,120.0,2,1,1,0,0,0,0,0,0,O,0,0,1,0
11161433,-88.071861,44.956753,00005557-4900-0400-0000-0000000c6ba6,1,4.0,120.0,1,1,1,0,0,0,0,0,0,O,0,0,1,0
11161434,-88.085838,44.957635,00005557-4900-0400-0000-0000000c6b61,1,4.0,120.0,2,1,1,0,0,0,0,0,0,O,0,0,1,0
11161435,-88.091463,44.967684,00005557-4900-0400-0000-0000000c6c1d,1,4.0,120.0,1,1,1,0,0,0,0,0,0,4,0,0,1,0
11161439,-88.066599,44.944874,00005557-4900-0400-0000-0000000c6cbd,1,2.0,60.0,2,1,1,0,0,0,0,0,0,4,0,0,1,0
11161440,-88.082255,44.950583,00005557-4900-0400-0000-0000001bfb8d,1,6.0,180.0,2,1,1,0,0,0,0,0,0,4,0,0,1,0
11161441,-88.081434,44.96396,00005557-4900-0400-0000-0000001bfb92,1,4.0,120.0,1,1,1,0,0,0,0,0,0,4,0,0,1,0
11161442,-88.080832,44.959305,00005557-4900-0400-0000-0000000c6b62,1,4.0,120.0,1,1,1,0,0,0,0,0,0,4,0,0,1,0
11161443,-88.099306,44.951857,e7c57f13-d922-49a5-9e8c-09efbd0c6d2c,1,2.0,60.0,1,1,1,0,0,0,0,0,0,4,0,0,1,0
11161444,-88.093348,44.951524,00005557-4900-0400-0000-0000001bfb7d,1,4.0,120.0,1,1,1,0,0,0,0,0,0,4,0,0,1,0
11161445,-88.141066,44.967812,00005557-4900-0400-0000-0000000c88e8,1,4.0,120.0,2,1,1,0,0,0,0,0,0,4,0,0,1,0
11161446,-88.130921,44.96767,00005557-4900-0400-0000-0000001bfef8,1,4.0,120.0,2,1,1,0,0,0,0,0,0,4,0,0,1,0
11161448,-88.165962,44.966365,00005557-4900-0400-0000-0000000c88a7,1,6.0,180.0,1,1,1,0,0,0,0,0,0,O,0,0,1,0
11161449,-88.238354,44.96195,a980a535-6b11-4a8d-984f-ae725fd39161,1,2.0,60.0,2,1,1,0,0,0,0,0,0,4,0,0,1,0
11161450,-88.246033,44.97762,00005557-4900-0400-0000-0000001b9424,1,4.0,120.0,1,1,1,0,0,0,0,0,0,4,0,0,1,0
11161451,-88.231357,44.962572,00005557-4900-0400-0000-0000001bfec9,1,4.0,120.0,2,1,1,0,0,0,0,0,0,4,0,0,1,0
11161452,-88.070163,44.951763,00005557-4900-0400-0000-0000001bfb8c,1,4.0,120.0,1,1,1,0,0,0,0,0,0,4,0,0,1,0
11161453,-88.228653,44.962387,00005557-4900-0400-0000-0000001bfec9,1,4.0,120.0,2,1,1,0,0,0,0,0,0,4,0,0,1,0
11161454,-88.193356,44.9531,00005557-4900-0400-0000-0000000c8837,1,2.0,60.0,2,1,1,0,0,0,0,0,0,4,0,0,1,0
11161460,-88.069873,44.949545,00005557-4900-0400-0000-0000000c6cb7,1,4.0,120.0,1,1,1,0,0,0,0,0,0,4,0,0,1,0
11161462,-88.086817,44.984675,00005557-4900-0400-0000-0000001e7256,1,2.0,60.0,1,1,1,0,0,0,0,0,0,4,0,0,1,0
11161463,-88.084219,44.987199,00005557-4900-0400-0000-0000000c6b71,1,4.0,120.0,2,1,1,0,0,0,0,0,0,4,0,0,1,0
11161464,-88.2330367,44.95599443,00005557-4900-0400-0000-0000001bfeca,1,2.0,60.0,1,1,1,0,0,0,0,0,0,4,0,0,1,0
11161465,-88.078546,44.98229,00005557-4900-0400-0000-0000001bfb94,1,6.0,180.0,2,1,1,0,0,0,0,0,0,4,0,0,1,0
11161466,-88.080735,44.982291,00005557-4900-0400-0000-0000001bfb94,1,8.0,240.0,2,1,1,0,0,0,0,0,0,4,0,0,1,0
11161467,-88.244084,44.989676,00005557-4900-0400-0000-0000001bfed2,1,4.0,120.0,1,1,1,0,0,0,0,0,0,4,0,0,1,0
11161468,-88.09067,44.986789,00005557-4900-0400-0000-0000001e7257,1,2.0,60.0,1,1,1,0,0,0,0,0,0,4,0,0,1,0
11161470,-88.104099,44.951995,8de3670f-cf52-49a7-8159-5c4d6c143775,1,2.0,60.0,1,1,1,0,0,0,0,0,0,4,0,0,1,0
11161471,-88.06866,44.97828,00005557-4900-0400-0000-0000000c6bb7,1,2.0,60.0,1,1,1,0,0,0,0,0,0,4,0,0,1,0
11161473,-88.208109,44.960304,00005557-4900-0400-0000-0000000c8884,1,4.0,120.0,2,1,1,0,0,0,0,0,0,4,0,0,1,0
11161474,-88.202733,45.003212,f3fff74d-55fa-4d2a-aa80-1954001a88e1,1,4.0,120.0,1,1,1,0,0,0,0,0,0,A,0,0,1,0
11161475,-88.133656,44.980154,00005557-4900-0400-0000-0000001bff05,1,4.0,120.0,1,1,1,0,0,0,0,0,0,4,0,0,1,0
11161476,-88.067349,44.988771,00005557-4900-0400-0000-0000000c6c22,1,8.0,240.0,1,1,1,0,0,0,0,0,0,4,0,0,1,0
11161477,-88.084249,44.990043,00005557-4900-0400-0000-0000001bfb86,1,2.0,60.0,2,1,1,0,0,0,0,0,0,4,0,0,1,0
11161478,-88.08966,44.988482,00005557-4900-0400-0000-0000001bfb85,1,2.0,60.0,1,1,1,0,0,0,0,0,0,4,0,0,1,0
11161479,-88.198016,45.002652,f3fff74d-55fa-4d2a-aa80-1954001a88e1,1,2.0,60.0,1,1,1,0,0,0,0,0,0,4,0,0,1,0
11161482,-88.105661,44.997159,00005557-4900-0400-0000-0000001bfb87,1,2.0,60.0,2,1,1,0,0,0,0,0,0,4,0,0,1,0
11161483,-88.063017,45.001157,00005557-4900-0400-0000-0000001bfbb2,1,4.0,120.0,1,1,1,0,0,0,0,0,0,4,0,0,1,0
11161484,-88.101579,45.029085,00005557-4900-0400-0000-0000000a95c3,1,2.0,60.0,1,1,1,0,0,0,0,0,0,4,0,0,1,0
11161485,-88.116376,45.030801,00005557-4900-0400-0000-0000000a95c2,1,2.0,60.0,1,1,1,0,0,0,0,0,0,4,0,0,1,0
11161486,-88.070651,44.981977,00005557-4900-0400-0000-0000000c6c22,1,8.0,240.0,1,1,1,0,0,0,0,0,0,O,0,0,1,0
11161487,-88.167292,44.959241,00005557-4900-0400-0000-0000001bfee7,1,4.0,120.0,1,1,1,0,0,0,0,0,0,4,0,0,1,0
11161488,-88.06515,44.986787,00005557-4900-0400-0000-0000000c6c22,1,8.0,240.0,2,1,1,0,0,0,0,0,0,A,0,0,1,0
11161489,-88.093634,44.996632,00005557-4900-0400-0000-0000000c6c0e,1,4.0,120.0,2,1,1,0,0,0,0,0,0,4,0,0,1,0
11161490,-88.104015,45.014717,00005557-4900-0400-0000-0000001bfb89,1,6.0,180.0,2,1,1,0,0,0,0,0,0,O,0,0,1,0
11161491,-88.253491,45.00478,fbba71d0-62f2-4ac0-8b14-2f15f300bfd4,1,4.0,120.0,2,1,1,0,0,0,0,0,0,O,0,0,1,0
11161492,-88.099041,45.021588,00005557-4900-0400-0000-0000001b93f2,1,4.0,120.0,1,1,1,0,0,0,0,0,0,4,0,0,1,0
11161493,-88.214758,44.95983,00005557-4900-0400-0000-0000000c884a,1,4.0,120.0,1,1,1,0,0,0,0,0,0,4,0,0,1,0
11161494,-88.257132,44.984632,00005557-4900-0400-0000-0000000c7390,1,4.0,120.0,1,1,1,0,0,0,0,0,0,4,0,0,1,0
11161495,-88.191342,44.959324,00005557-4900-0400-0000-0000000c8888,1,4.0,120.0,1,1,1,0,0,0,0,0,0,4,0,0,1,0
11161496,-88.135466,45.04718,00005557-4900-0400-0000-0000000c5c8a,1,2.0,60.0,1,1,1,0,0,0,0,0,0,4,0,0,1,0
11161497,-88.148235,45.05286,00005557-4900-0400-0000-0000000c59c3,1,2.0,60.0,2,1,1,0,0,0,0,0,0,4,0,0,1,0
11161498,-88.146748,45.057157,00005557-4900-0400-0000-0000001bf9bd,1,2.0,60.0,1,1,1,0,0,0,0,0,0,4,0,0,1,0
11161499,-88.114471,45.024156,00005557-4900-0400-0000-0000001b962f,1,2.0,60.0,2,1,1,0,0,0,0,0,0,4,0,0,1,0
11161500,-88.06566422,45.00185894,00005557-4900-0400-0000-0000000c6bdb,1,4.0,120.0,1,1,1,0,0,0,0,0,0,4,0,0,1,0
11161501,-88.119129,45.014503,00005557-4900-0400-0000-000000003faa,1,4.0,120.0,2,1,1,0,0,0,0,0,0,4,0,0,1,0
11161502,-88.279442,45.013869,00005557-4900-0400-0000-0000001bfca2,1,2.0,60.0,2,1,1,0,0,0,0,0,0,4,0,0,1,0
11161503,-88.271628,45.010228,00005557-4900-0400-0000-0000000c735d,1,2.0,60.0,2,1,1,0,0,0,0,0,0,4,0,0,1,0
11161504,-88.142124,45.047139,00005557-4900-0400-0000-0000000c5c8a,1,4.0,120.0,1,1,1,0,0,0,0,0,0,4,0,0,1,0
11161505,-88.143786,45.057329,00005557-4900-0400-0000-0000001bf9bd,1,2.0,60.0,2,1,1,0,0,0,0,0,0,O,0,0,1,0
11161506,-88.139896,45.053002,00005557-4900-0400-0000-0000000c5a08,1,4.0,120.0,1,1,1,0,0,0,0,0,0,O,0,0,1,0
11161507,-88.144504,45.056829,00005557-4900-0400-0000-0000001bf9bd,1,2.0,60.0,1,1,1,0,0,0,0,0,0,4,0,0,1,0
11161508,-88.145039,45.061971,00005557-4900-0400-0000-0000001bf9be,1,4.0,120.0,1,1,1,0,0,0,0,0,0,A,0,0,1,0
11161509,-88.1094,45.021656,00005557-4900-0400-0000-0000001bfb8a,1,2.0,60.0,1,1,1,0,0,0,0,0,0,4,0,0,1,0
11161511,-88.1401496,45.0640215,00005557-4900-0400-0000-0000000c5a10,1,2.0,60.0,2,1,1,0,0,0,0,0,0,4,0,0,1,0
11161512,-88.082748,45.007325,00005557-4900-0400-0000-0000000c6be0,1,4.0,120.0,1,1,1,0,0,0,0,0,0,4,0,0,1,0
11161513,-88.163644,45.036779,00005557-4900-0400-0000-0000000c59b3,1,2.0,60.0,1,1,1,0,0,0,0,0,0,4,0,0,1,0
11161514,-88.207897,45.041553,00005557-4900-0400-0000-0000001bf97c,1,2.0,60.0,2,1,1,0,0,0,0,0,0,4,0,0,1,0
11161515,-88.12979,45.056437,00005557-4900-0400-0000-0000000c5c21,1,2.0,60.0,2,1,1,0,0,0,0,0,0,4,0,0,1,0
11161516,-88.128766,45.025432,00005557-4900-0400-0000-000000007511,1,2.0,60.0,2,1,1,0,0,0,0,0,0,4,0,0,1,0
11161517,-88.277492,45.005253,00005557-4900-0400-0000-0000001bfc81,1,6.0,180.0,2,1,1,0,0,0,0,0,0,4,0,0,1,0
11161518,-88.176892,45.000673,00005557-4900-0400-0000-0000000c893b,2,16.0,480.0,1,1,1,0,0,0,0,0,0,A,0,0,1,0
11161519,-88.241762,45.008131,00005557-4900-0400-0000-0000000c8932,1,6.0,180.0,2,1,1,0,0,0,0,0,0,4,0,0,1,0
11161520,-88.235809,45.005186,daa01572-d56b-4ea3-910d-37a56678ec92,1,4.0,120.0,1,1,1,0,0,0,0,0,0,4,0,0,1,0
11161521,-88.123704,45.025369,00005557-4900-0400-0000-0000000c5c88,1,4.0,120.0,1,1,1,0,0,0,0,0,0,O,0,0,1,0
11161522,-88.184942,45.038893,bc9f656a-8ec7-4828-8e1e-6087a232ceef,1,8.0,240.0,1,1,1,0,0,0,0,0,0,O,0,0,1,0
11161523,-88.183922,45.013792,00005557-4900-0400-0000-0000000c88fb,1,2.0,60.0,1,1,1,0,0,0,0,0,0,4,0,0,1,0
11161524,-88.221137,45.039716,00005557-4900-0400-0000-000000176a68,1,4.0,120.0,1,1,1,0,0,0,0,0,0,4,0,0,1,0
11161525,-88.220135,45.040259,00005557-4900-0400-0000-000000176a68,1,6.0,180.0,2,1,1,0,0,0,0,0,0,4,0,0,1,0
11161526,-88.193905,44.991187,00005557-4900-0400-0000-0000000c88fc,1,2.0,60.0,1,1,1,0,0,0,0,0,0,4,0,0,1,0
11161527,-88.20779,44.989993,00005557-4900-0400-0000-0000001bfee6,1,4.0,120.0,2,1,1,0,0,0,0,0,0,O,0,0,1,0
11161528,-88.209187,45.041562,00005557-4900-0400-0000-0000001bf97c,1,2.0,60.0,2,1,1,0,0,0,0,0,0,4,0,0,1,0
11161530,-88.149864,45.015071,00005557-4900-0400-0000-0000000c88e6,1,2.0,60.0,1,1,1,0,0,0,0,0,0,4,0,0,1,0
11161531,-88.230919,45.013853,00005557-4900-0400-0000-0000001d65a8,1,6.0,180.0,2,1,1,0,0,0,0,0,0,A,0,0,1,0
11161532,-88.163029,45.003038,00005557-4900-0400-0000-0000001bff00,1,6.0,180.0,2,1,1,0,0,0,0,0,0,O,0,0,1,0
11161534,-88.178632,44.989275,00005557-4900-0400-0000-0000001bfeee,1,2.0,60.0,2,1,1,0,0,0,0,0,0,4,0,0,1,0
11161536,-88.23723,45.025251,00005557-4900-0400-0000-0000000c8882,1,2.0,60.0,1,1,1,0,0,0,0,0,0,4,0,0,1,0
11161537,-88.235521,45.02675,93ed4175-ba12-4a93-83c0-c405bd121f30,1,6.0,180.0,1,1,1,0,0,0,0,0,0,4,0,0,1,0
11161538,-88.128412,45.039711,84eedd45-0e90-4e13-8ec4-ea45d8d1c157,1,4.0,120.0,2,1,1,0,0,0,0,0,0,O,0,0,1,0
11161539,-88.208783,45.012981,00005557-4900-0400-0000-0000000c88c0,1,4.0,120.0,1,1,1,0,0,0,0,0,0,4,0,0,1,0
11161540,-88.182925,45.024986,00005557-4900-0400-0000-000000003fac,1,2.0,60.0,2,1,1,0,0,0,0,0,0,O,0,0,1,0
11161541,-88.185533,45.019569,00005557-4900-0400-0000-0000000c88cf,1,2.0,60.0,1,1,1,0,0,0,0,0,0,4,0,0,1,0
11161542,-88.204165,44.980344,00005557-4900-0400-0000-0000001bfee3,1,6.0,180.0,1,1,1,0,0,0,0,0,0,O,0,0,1,0
11161543,-88.19569,45.019837,00005557-4900-0400-0000-0000001bfef0,1,4.0,120.0,1,1,1,0,0,0,0,0,0,4,0,0,1,0
11161544,-88.235222,45.025657,a52f3def-c8cf-4bd2-a778-209d0f83f6c1,1,2.0,60.0,2,1,1,0,0,0,0,0,0,O,0,0,1,0
11161545,-88.229153,45.028377,00005557-4900-0400-0000-0000000c5be1,1,2.0,60.0,2,1,1,0,0,0,0,0,0,A,0,0,1,0
11161546,-88.228616,45.040723,b153f40c-0f66-4cdf-9b4f-8037154eaa03,1,2.0,60.0,1,1,1,0,0,0,0,0,0,4,0,0,1,0
11161548,-88.217606,44.96574,00005557-4900-0400-0000-0000000c884b,1,2.0,60.0,1,1,1,0,0,0,0,0,0,O,0,0,1,0
11161550,-88.262558,44.952347,00005557-4900-0400-0000-0000001bfc77,1,2.0,60.0,2,1,1,0,0,0,0,0,0,4,0,0,1,0
11161552,-88.164201,44.95086,e89924e7-2b2a-430d-a36b-59c7ed38775d,1,2.0,60.0,2,1,1,0,0,0,0,0,0,4,0,0,1,0
11161553,-88.190098,44.962403,00005557-4900-0400-0000-0000000c888a,1,6.0,180.0,2,1,1,0,0,0,0,0,0,4,0,0,1,0
11161554,-88.187118,44.983747,00005557-4900-0400-0000-0000000c8899,1,4.0,120.0,2,1,1,0,0,0,0,0,0,4,0,0,1,0
11161555,-88.207416,45.030596,00005557-4900-0400-0000-0000000c5985,1,2.0,60.0,1,1,1,0,0,0,0,0,0,4,0,0,1,0
11161556,-88.221358,44.931534,00005557-4900-0400-0000-0000001bfdc2,1,4.0,120.0,1,1,1,0,0,0,0,0,0,O,0,0,1,0
11161557,-88.210278,44.933391,00005557-4900-0400-0000-0000000c804b,1,6.0,180.0,1,1,1,0,0,0,0,0,0,A,0,0,1,0
11161560,-88.185245,45.022978,00005557-4900-0400-0000-0000000c88d1,1,4.0,120.0,1,1,1,0,0,0,0,0,0,4,0,0,1,0
11161561,-88.236285,45.014286,00005557-4900-0400-0000-0000000c8866,1,6.0,180.0,1,1,1,0,0,0,0,0,0,O,0,0,1,0
11161562,-88.231695,45.014235,00005557-4900-0400-0000-0000001d65a8,1,2.0,60.0,2,1,1,0,0,0,0,0,0,4,0,0,1,0
11161563,-88.231695,45.014235,00005557-4900-0400-0000-0000001d65a8,1,2.0,60.0,2,1,1,0,0,0,0,0,0,A,0,0,1,0
11161564,-88.164025,45.010876,00005557-4900-0400-0000-0000001bff03,1,4.0,120.0,2,1,1,0,0,0,0,0,0,O,0,0,1,0
11161565,-88.234321,45.017834,00005557-4900-0400-0000-0000001bff09,1,4.0,120.0,1,1,1,0,0,0,0,0,0,4,0,0,1,0
11161566,-88.233838,44.938616,00005557-4900-0400-0000-000000003f40,1,6.0,180.0,1,1,1,0,0,0,0,0,0,4,0,0,1,0
11161567,-88.207121,44.919151,00005557-4900-0400-0000-0000000c814e,1,4.0,120.0,2,1,1,0,0,0,0,0,0,O,0,0,1,0
11161569,-88.162724,45.00821,b48b93f6-ae68-4b49-9cd4-19372767c481,1,4.0,120.0,2,1,1,0,0,0,0,0,0,O,0,0,1,0
11161570,-88.26855084,44.91083103,86e21f09-a471-4a59-a769-2905389565ca,1,6.0,180.0,1,1,1,0,0,0,0,0,0,4,0,0,1,0
11161571,-88.218342,44.937129,00005557-4900-0400-0000-0000001b9414,1,2.0,60.0,1,1,1,0,0,0,0,0,0,4,0,0,1,0
11161573,-88.218332,44.942528,00005557-4900-0400-0000-0000001bfeb7,1,4.0,120.0,1,1,1,0,0,0,0,0,0,4,0,0,1,0
11161574,-88.230976,44.942633,00005557-4900-0400-0000-0000000c8924,1,4.0,120.0,2,1,1,0,0,0,0,0,0,O,0,0,1,0
11161575,-88.274228,44.901746,00005557-4900-0400-0000-0000000c6583,1,4.0,120.0,2,1,1,0,0,0,0,0,0,4,0,0,1,0
11161576,-88.278146,44.903913,00005557-4900-0400-0000-0000000c6553,1,2.0,60.0,2,1,1,0,0,0,0,0,0,4,0,0,1,0
11161577,-88.276673,44.905753,00005557-4900-0400-0000-0000000c6573,1,2.0,60.0,2,1,1,0,0,0,0,0,0,4,0,0,1,0
11161580,-88.27435,44.919813,00005557-4900-0400-0000-0000000c6576,1,4.0,120.0,2,1,1,0,0,0,0,0,0,O,0,0,1,0
11161584,-88.250615,44.89662,b068eca6-eb67-47fa-b02e-4b0511399022,1,2.0,60.0,1,1,1,0,0,0,0,0,0,O,0,0,1,0
11161585,-88.257892,44.896588,00005557-4900-0400-0000-0000001e27f9,1,6.0,180.0,2,1,1,0,0,0,0,0,0,4,0,0,1,0
11161586,-88.245963,44.874063,00005557-4900-0400-0000-0000001bfdbc,1,2.0,60.0,1,1,1,0,0,0,0,0,0,4,0,0,1,0
11161588,-88.231871,45.022662,00005557-4900-0400-0000-0000000c8870,1,4.0,120.0,2,1,1,0,0,0,0,0,0,A,0,0,1,0
11161590,-88.200952,44.852455,00005557-4900-0400-0000-0000001b9416,1,4.0,120.0,2,1,1,0,0,0,0,0,0,4,0,0,1,0
11161592,-88.243052,44.865177,00005557-4900-0400-0000-0000001bfdee,1,4.0,120.0,1,1,1,0,0,0,0,0,0,4,0,0,1,0
11161593,-88.218195,44.977827,00005557-4900-0400-0000-0000000c8930,1,4.0,120.0,1,1,1,0,0,0,0,0,0,A,0,0,1,0
11161595,-88.248023,44.808255,9cb94475-f5a7-4c71-8272-a9f80cb30c26,1,4.0,120.0,1,1,1,0,0,0,0,0,0,4,0,0,1,0
11161597,-88.250855,44.831061,00005557-4900-0400-0000-000000003e9a,1,2.0,60.0,1,1,1,0,0,0,0,0,0,4,0,0,1,0
11161600,-88.202993,44.839345,00005557-4900-0400-0000-0000001bfcec,1,6.0,180.0,2,1,1,0,0,0,0,0,0,A,0,0,1,0
11161601,-88.241963,44.852256,00005557-4900-0400-0000-000000003f1e,2,12.0,360.0,2,1,1,0,0,0,0,0,0,O,0,0,1,0
11161602,-88.191463,44.851055,00005557-4900-0400-0000-000000003f43,1,4.0,120.0,1,1,1,0,0,0,0,0,0,4,0,0,1,0
11161604,-88.159193,45.05614,00005557-4900-0400-0000-0000000c5c84,1,2.0,60.0,2,1,1,0,0,0,0,0,0,4,0,0,1,0
11161606,-88.231403,44.86491,00005557-4900-0400-0000-0000000c801b,1,4.0,120.0,1,1,1,0,0,0,0,0,0,O,0,0,1,0
11161611,-88.220349,44.875549,00005557-4900-0400-0000-0000000c8148,1,4.0,120.0,1,1,1,0,0,0,0,0,0,A,0,0,1,0
11161612,-88.225348,44.87267,00005557-4900-0400-0000-0000000c801e,1,4.0,120.0,2,1,1,0,0,0,0,0,0,4,0,0,1,0
11161614,-88.250467,44.879549,d942ddb4-18e4-4244-8983-ef0af1cc3fc8,1,2.0,60.0,1,1,1,0,0,0,0,0,0,4,0,0,1,0
11161615,-88.267362,44.852658,00005557-4900-0400-0000-000000101607,1,6.0,180.0,2,1,1,0,0,0,0,0,0,4,0,0,1,0
11161616,-88.250445,44.922571,00005557-4900-0400-0000-00000000b94f,1,4.0,120.0,1,1,1,0,0,0,0,0,0,4,0,0,1,0
11161617,-88.26261,44.871513,00005557-4900-0400-0000-0000000c6528,1,2.0,60.0,1,1,1,0,0,0,0,0,0,4,0,0,1,0
11161618,-88.269836,44.872546,00005557-4900-0400-0000-0000000c6522,1,4.0,120.0,1,1,1,0,0,0,0,0,0,4,0,0,1,0
11161619,-88.233355,44.665853,00005557-4900-0400-0000-0000001badb7,2,16.0,480.0,2,1,1,0,0,0,0,0,0,A,0,0,1,0
11161620,-88.21669,44.895521,00005557-4900-0400-0000-0000001e3045,1,4.0,120.0,1,1,1,0,0,0,0,0,0,4,0,0,1,0
11161622,-88.2166902,44.8955218,00005557-4900-0400-0000-0000001e3045,1,2.0,60.0,1,1,1,0,0,0,0,0,0,4,0,0,1,0
11161625,-88.209184,44.628675,00005557-4900-0400-0000-0000001b74e0,1,4.0,120.0,2,1,1,0,0,0,0,0,0,A,0,0,1,0
11161626,-88.268933,44.939418,d0f6e941-8bf3-4bb8-b242-0a3afa135991,1,2.0,60.0,2,1,1,0,0,0,0,0,0,4,0,0,1,0
11161629,-88.246909,44.873706,00005557-4900-0400-0000-0000001ce362,1,4.0,120.0,2,1,1,0,0,0,0,0,0,O,0,0,1,0
11161631,-88.248994,44.874777,00005557-4900-0400-0000-0000001bfa9d,1,4.0,120.0,2,1,1,0,0,0,0,0,0,A,0,0,1,0
11161633,-88.243122,45.029945,00005557-4900-0400-0000-0000000c5828,1,2.0,60.0,2,1,1,0,0,0,0,0,0,4,0,0,1,0
11161635,-88.205233,44.868168,00005557-4900-0400-0000-0000000c805b,1,4.0,120.0,2,1,1,0,0,0,0,0,0,4,0,0,1,0
11161640,-88.222962,44.652435,f6d248a5-8bd3-4fce-b9c0-dad55accf0c9,2,16.0,480.0,1,1,1,0,0,0,0,0,0,A,0,0,1,0
11161654,-88.080154,45.065893,00005557-4900-0400-0000-0000001d6ea1,1,4.0,120.0,1,1,1,0,0,0,0,0,0,4,0,0,1,0
11161682,-88.248996,44.898154,00005557-4900-0400-0000-0000001c5af6,1,2.0,60.0,1,1,1,0,0,0,0,0,0,4,0,0,1,0
11161701,-88.215535,45.023606,00005557-4900-0400-0000-000000019a2c,1,2.0,60.0,1,1,1,0,0,0,0,0,0,A,0,0,1,0
11161722,-88.241973,44.896411,c877d41f-8608-440f-9148-6a5bdb3c0e81,1,6.0,180.0,2,1,1,0,0,0,0,0,0,4,0,0,1,0
11161726,-88.241973,44.896411,c877d41f-8608-440f-9148-6a5bdb3c0e81,1,4.0,120.0,2,1,1,0,0,0,0,0,0,4,0,0,1,0
11161897,-88.056165,45.063649,00005557-4900-0400-0000-0000001d7a5c,1,2.0,60.0,2,1,1,0,0,0,0,0,0,4,0,0,1,0
11162336,-87.872917,44.886875,00005557-4900-0400-0000-0000000c7972,2,12.0,360.0,2,1,0,0,0,1,0,0,0,A,0,0,1,0
11162360,-87.871363,44.888281,825f5ba4-565a-4dc4-b12b-405a9194b9ee,1,8.0,240.0,1,1,0,0,0,1,0,0,0,A,0,0,1,0
11163184,-88.3145916,44.8914069,00005557-4900-0400-0000-0000000c6473,1,4.0,120.0,2,1,0,0,1,0,0,0,0,A,0,0,1,0
11163187,-88.3151991,44.892584,00005557-4900-0400-0000-0000001eb634,1,2.0,60.0,2,1,0,0,1,0,0,0,0,A,0,0,1,0
11163188,-88.3052883,44.8934233,00005557-4900-0400-0000-0000000c648a,1,2.0,60.0,2,1,0,0,1,0,0,0,0,4,0,0,1,0
11163190,-88.322763,44.844647,00005557-4900-0400-0000-000000101564,1,2.0,60.0,2,1,0,0,1,0,0,0,0,4,0,0,1,0
11163191,-88.3120097,44.892537,00005557-4900-0400-0000-0000000c6416,1,6.0,180.0,1,1,0,0,1,0,0,0,0,4,0,0,1,0
11163193,-88.3215393,44.8953417,00005557-4900-0400-0000-000000006e33,1,8.0,240.0,2,1,0,0,1,0,0,0,0,A,0,0,1,0
11163194,-88.3215393,44.8953417,00005557-4900-0400-0000-000000006e33,1,6.0,180.0,2,1,0,0,1,0,0,0,0,A,0,0,1,0
11163196,-88.314174,44.8850121,00005557-4900-0400-0000-0000000c6404,1,6.0,180.0,2,1,0,0,1,0,0,0,0,4,0,0,1,0
11163197,-88.328335,44.865716,00005557-4900-0400-0000-0000000c658f,1,4.0,120.0,1,1,0,0,1,0,0,0,0,O,0,0,1,0
11163199,-88.3078854,44.8939524,00005557-4900-0400-0000-0000000c6489,1,4.0,120.0,1,1,0,0,1,0,0,0,0,A,0,0,1,0
11163200,-88.3145916,44.8914069,00005557-4900-0400-0000-0000000c6473,1,6.0,180.0,2,1,0,0,1,0,0,0,0,A,0,0,1,0
11163201,-88.311195,44.89361,00005557-4900-0400-0000-0000000c6458,1,4.0,120.0,2,1,0,0,1,0,0,0,0,O,0,0,1,0
11163202,-88.3143638,44.8868038,00005557-4900-0400-0000-0000000c64a1,1,8.0,240.0,2,1,0,0,1,0,0,0,0,A,0,0,1,0
11163203,-88.3071302,44.8932863,00005557-4900-0400-0000-0000000c6489,1,8.0,240.0,2,1,0,0,1,0,0,0,0,O,0,0,1,0
11163207,-88.3181226,44.8936125,00005557-4900-0400-0000-0000001eb635,1,2.0,60.0,2,1,0,0,1,0,0,0,0,4,0,0,1,0
11163208,-88.3142263,44.8877537,00005557-4900-0400-0000-0000000c64a0,3,24.0,720.0,2,1,0,0,1,0,0,0,0,A,0,0,1,0
11163209,-88.347858,44.91574,00005557-4900-0400-0000-0000000c64db,1,6.0,180.0,1,1,0,0,1,0,0,0,0,A,0,0,1,0
11163210,-88.3142263,44.8877537,00005557-4900-0400-0000-0000000c64a0,10,20.0,600.0,2,1,0,0,1,0,0,0,0,A,0,0,1,0
11163211,-88.3055352,44.890744,de1479d4-69f6-44c8-bdf0-38203ce97fc7,1,4.0,120.0,1,1,0,0,1,0,0,0,0,O,0,0,1,0
11163212,-88.348947,44.926523,00005557-4900-0400-0000-0000000c64dd,1,6.0,180.0,1,1,0,0,1,0,0,0,0,4,0,0,1,0
11163213,-88.314977,44.904656,00005557-4900-0400-0000-0000000c65ac,1,2.0,60.0,2,1,0,0,1,0,0,0,0,O,0,0,1,0
11163215,-88.3122375,44.8908612,00005557-4900-0400-0000-0000000c6416,1,6.0,180.0,2,1,0,0,1,0,0,0,0,O,0,0,1,0
11163217,-88.309186,44.892901,00005557-4900-0400-0000-0000000c6499,1,6.0,180.0,1,1,0,0,1,0,0,0,0,O,0,0,1,0
11163218,-88.296933,44.84031,00005557-4900-0400-0000-00000018b710,1,6.0,180.0,1,1,0,0,1,0,0,0,0,A,0,0,1,0
11163219,-88.2925548,44.8950867,00005557-4900-0400-0000-0000001e7222,1,4.0,120.0,2,1,0,0,1,0,0,0,0,4,0,0,1,0
11163220,-88.366771,44.926166,00005557-4900-0400-0000-000000003ed1,1,2.0,60.0,2,1,0,0,1,0,0,0,0,O,0,0,1,0
11163221,-88.309908,44.892656,00005557-4900-0400-0000-0000000c6499,1,4.0,120.0,1,1,0,0,1,0,0,0,0,O,0,0,1,0
11163222,-88.3054592,44.8903048,de1479d4-69f6-44c8-bdf0-38203ce97fc7,1,4.0,120.0,2,1,0,0,1,0,0,0,0,A,0,0,1,0
11163224,-88.3085162,44.8911714,00005557-4900-0400-0000-0000000c64ad,1,4.0,120.0,1,1,0,0,1,0,0,0,0,A,0,0,1,0
11163226,-88.403992,44.975922,00005557-4900-0400-0000-0000001bfae8,1,4.0,120.0,2,1,0,0,1,0,0,0,0,4,0,0,1,0
11163228,-88.437164,44.926343,00005557-4900-0400-0000-0000000c9128,1,6.0,180.0,1,1,0,0,1,0,0,0,0,4,0,0,1,0
11163229,-88.2971795,44.8913137,00005557-4900-0400-0000-0000000c644a,1,2.0,60.0,2,1,0,0,1,0,0,0,0,A,0,0,1,0
11163230,-88.296965,44.89381,00005557-4900-0400-0000-0000000c6467,1,8.0,240.0,2,1,0,0,1,0,0,0,0,A,0,0,1,0
11163232,-88.323938,44.89625,00005557-4900-0400-0000-000000006e33,1,4.0,120.0,1,1,0,0,1,0,0,0,0,4,0,0,1,0
11163233,-88.3147636,44.8887194,89a36a39-e42c-4560-a3c7-6cc3877a90fe,1,8.0,240.0,2,1,0,0,1,0,0,0,0,A,0,0,1,0
11163234,-88.3076428,44.8901728,00005557-4900-0400-0000-0000000c64a6,1,2.0,60.0,1,1,0,0,1,0,0,0,0,4,0,0,1,0
11163235,-88.414116,45.063227,00005557-4900-0400-0000-0000000c5d48,1,6.0,180.0,2,1,0,0,1,0,0,0,0,4,0,0,1,0
11163236,-88.2969465,44.8938159,00005557-4900-0400-0000-0000000c6467,1,8.0,240.0,2,1,0,0,1,0,0,0,0,A,0,0,1,0
11163237,-88.306965,44.890467,de1479d4-69f6-44c8-bdf0-38203ce97fc7,1,4.0,120.0,1,1,0,0,1,0,0,0,0,O,0,0,1,0
11163238,-88.291712,44.834717,00005557-4900-0400-0000-00000018b712,1,4.0,120.0,1,1,0,0,1,0,0,0,0,4,0,0,1,0
11163239,-88.4142235,45.1144172,00005557-4900-0400-0000-0000000c5dc5,1,2.0,60.0,2,1,0,0,1,0,0,0,0,O,0,0,1,0
11163240,-88.4234813,44.9641396,00005557-4900-0400-0000-0000000c6645,1,2.0,60.0,1,1,0,0,1,0,0,0,0,4,0,0,1,0
11163243,-88.385713,44.917414,00005557-4900-0400-0000-0000000c9145,1,2.0,60.0,2,1,0,0,1,0,0,0,0,O,0,0,1,0
11163244,-88.3804774,45.0765202,00005557-4900-0400-0000-0000001bf9fa,1,2.0,60.0,2,1,0,0,1,0,0,0,0,4,0,0,1,0
11163245,-88.4184233,45.1062119,00005557-4900-0400-0000-0000000c5e76,1,4.0,120.0,2,1,0,0,1,0,0,0,0,O,0,0,1,0
11163246,-88.2969465,44.8938159,00005557-4900-0400-0000-0000000c6467,1,4.0,120.0,2,1,0,0,1,0,0,0,0,A,0,0,1,0
11163247,-88.403518,45.01573,e0c1c844-5648-4d1e-b134-bf37c9f92bce,1,2.0,60.0,2,1,0,0,1,0,0,0,0,O,0,0,1,0
11163248,-88.412488,45.049798,00005557-4900-0400-0000-0000001bf9d4,1,2.0,60.0,2,1,0,0,1,0,0,0,0,4,0,0,1,0
11163249,-88.369144,44.950146,00005557-4900-0400-0000-0000001bfad5,1,2.0,60.0,2,1,0,0,1,0,0,0,0,4,0,0,1,0
11163250,-88.401365,44.98135,00005557-4900-0400-0000-0000001bfae8,1,4.0,120.0,1,1,0,0,1,0,0,0,0,4,0,0,1,0
11163251,-88.4416976,45.1306177,00005557-4900-0400-0000-0000000c762b,1,8.0,240.0,1,1,0,0,1,0,0,0,0,A,0,0,1,0
11163252,-88.4507874,45.1297501,dc51653a-560a-4963-86f5-fae6b6469731,1,8.0,240.0,2,1,0,0,1,0,0,0,0,O,0,0,1,0
11163253,-88.413362,44.912856,00005557-4900-0400-0000-0000000c9110,1,4.0,120.0,2,1,0,0,1,0,0,0,0,4,0,0,1,0
11163254,-88.419531,45.010613,00005557-4900-0400-0000-0000000c66fb,1,4.0,120.0,1,1,0,0,1,0,0,0,0,A,0,0,1,0
11163256,-88.419531,45.010613,00005557-4900-0400-0000-0000000c66fb,2,16.0,480.0,1,1,0,0,1,0,0,0,0,A,0,0,1,0
11163257,-88.417211,45.015941,00005557-4900-0400-0000-0000000c6700,1,4.0,120.0,1,1,0,0,1,0,0,0,0,4,0,0,1,0
11163258,-88.344915,44.91349,00005557-4900-0400-0000-0000000c64db,1,8.0,240.0,2,1,0,0,1,0,0,0,0,O,0,0,1,0
11163259,-88.442355,45.130623,00005557-4900-0400-0000-0000000c75d1,2,16.0,480.0,2,1,0,0,1,0,0,0,0,A,0,0,1,0
11163260,-88.415676,45.023046,00005557-4900-0400-0000-0000000c6701,1,2.0,60.0,2,1,0,0,1,0,0,0,0,4,0,0,1,0
11163261,-88.345584,44.913161,00005557-4900-0400-0000-0000000c64db,4,32.0,960.0,2,1,0,0,1,0,0,0,0,A,0,0,1,0
11163262,-88.469788,45.142737,00005557-4900-0400-0000-0000000c77d5,1,2.0,60.0,2,1,0,0,1,0,0,0,0,O,0,0,1,0
11163263,-88.394341,45.106699,00005557-4900-0400-0000-0000000c5dff,1,2.0,60.0,2,1,0,0,1,0,0,0,0,4,0,0,1,0
11163266,-88.463057,45.139548,a7f326a6-3254-4901-9495-ad4aaa350785,1,2.0,60.0,1,1,0,0,1,0,0,0,0,O,0,0,1,0
11163267,-88.451185,45.139293,00005557-4900-0400-0000-0000000c784f,1,2.0,60.0,2,1,0,0,1,0,0,0,0,O,0,0,1,0
11163268,-88.463057,45.139548,a7f326a6-3254-4901-9495-ad4aaa350785,1,2.0,60.0,1,1,0,0,1,0,0,0,0,4,0,0,1,0
11163269,-88.367606,44.897418,00005557-4900-0400-0000-000000003ece,1,4.0,120.0,1,1,0,0,1,0,0,0,0,4,0,0,1,0
11163270,-88.429183,44.993903,acd4e97f-a9e7-4716-b4b1-fb8a71e68b30,1,4.0,120.0,1,1,0,0,1,0,0,0,0,4,0,0,1,0
11163271,-88.469119,45.150229,00005557-4900-0400-0000-0000000c7605,1,2.0,60.0,1,1,0,0,1,0,0,0,0,4,0,0,1,0
11163272,-88.3010347,44.890148,00005557-4900-0400-0000-0000001b616e,1,2.0,60.0,1,1,0,0,1,0,0,0,0,4,0,0,1,0
11163273,-88.451671,45.145573,e6ef0941-516c-47a5-98c8-759d90b00cd9,1,2.0,60.0,1,1,0,0,1,0,0,0,0,4,0,0,1,0
11163274,-88.415679,44.9941829,00005557-4900-0400-0000-0000001bfb02,1,8.0,240.0,2,1,0,0,1,0,0,0,0,4,0,0,1,0
11163275,-88.447217,44.927462,00005557-4900-0400-0000-0000000c911c,1,6.0,180.0,2,1,0,0,1,0,0,0,0,E,0,0,1,0
11163276,-88.3077947,44.902658,890f0984-8c9d-4822-b2ba-b523bfee2f48,1,6.0,180.0,1,1,0,0,1,0,0,0,0,A,0,0,1,0
11163277,-88.308843,44.900235,00005557-4900-0400-0000-0000000c65cb,2,8.0,240.0,1,1,0,0,1,0,0,0,0,A,0,0,1,0
11163278,-88.4513581,45.1646109,00005557-4900-0400-0000-00000017684f,1,2.0,60.0,1,1,0,0,1,0,0,0,0,4,0,0,1,0
11163279,-88.483922,45.00109,00005557-4900-0400-0000-0000000c662d,1,4.0,120.0,1,1,0,0,1,0,0,0,0,4,0,0,1,0
11163280,-88.3077947,44.8995194,c22e2d52-6bed-44ab-b17b-4fa20ec4efcd,1,8.0,240.0,1,1,0,0,1,0,0,0,0,A,0,0,1,0
11163281,-88.457408,44.956084,00005557-4900-0400-0000-0000000c660a,1,6.0,180.0,1,1,0,0,1,0,0,0,0,4,0,0,1,0
11163282,-88.483922,45.00109,00005557-4900-0400-0000-0000000c662d,1,2.0,60.0,1,1,0,0,1,0,0,0,0,4,0,0,1,0
11163283,-88.432708,45.119064,00005557-4900-0400-0000-0000000c759b,1,2.0,60.0,1,1,0,0,1,0,0,0,0,A,0,0,1,0
11163284,-88.465161,45.001658,00005557-4900-0400-0000-0000000c6650,1,4.0,120.0,2,1,0,0,1,0,0,0,0,4,0,0,1,0
11163285,-88.322767,44.911532,00005557-4900-0400-0000-0000000c6542,1,2.0,60.0,1,1,0,0,1,0,0,0,0,4,0,0,1,0
11163286,-88.433321,45.117291,00005557-4900-0400-0000-0000000c758a,2,16.0,480.0,1,1,0,0,1,0,0,0,0,O,0,0,1,0
11163288,-88.486625,44.993958,abb987c8-60bd-418c-9934-1f9f3249ece9,1,4.0,120.0,1,1,0,0,1,0,0,0,0,4,0,0,1,0
11163289,-88.479526,44.995198,97f6ab06-f4b5-4a3b-9201-b7ede96bb135,1,4.0,120.0,2,1,0,0,1,0,0,0,0,4,0,0,1,0
11163290,-88.4324085,45.1332912,00005557-4900-0400-0000-00000017687d,6,48.0,1440.0,1,1,0,0,1,0,0,0,0,A,0,0,1,0
11163291,-88.365018,45.062042,00005557-4900-0400-0000-000000003efe,1,4.0,120.0,1,1,0,0,1,0,0,0,0,4,0,0,1,0
11163292,-88.4227624,45.1008396,00005557-4900-0400-0000-0000000c5e90,1,4.0,120.0,2,1,0,0,1,0,0,0,0,4,0,0,1,0
11163293,-88.3714101,45.0028168,00005557-4900-0400-0000-0000000c8bf6,1,6.0,180.0,1,1,0,0,1,0,0,0,0,A,0,0,1,0
11163294,-88.3661371,45.0463618,00005557-4900-0400-0000-0000001bf9db,1,2.0,60.0,1,1,0,0,1,0,0,0,0,4,0,0,1,0
11163295,-88.364268,44.951575,00005557-4900-0400-0000-000000003ed8,1,4.0,120.0,2,1,0,0,1,0,0,0,0,4,0,0,1,0
11163296,-88.390582,44.985225,00005557-4900-0400-0000-0000000c66d7,1,4.0,120.0,1,1,0,0,1,0,0,0,0,4,0,0,1,0
11163297,-88.371512,45.002035,00005557-4900-0400-0000-0000000c8bf6,1,2.0,60.0,1,1,0,0,1,0,0,0,0,O,0,0,1,0
11163298,-88.296326,45.005678,00005557-4900-0400-0000-0000001bfc9a,1,2.0,60.0,2,1,0,0,1,0,0,0,0,4,0,0,1,0
11163299,-88.3691552,44.9964083,00005557-4900-0400-0000-0000000c8be3,4,32.0,960.0,1,1,0,0,1,0,0,0,0,A,0,0,1,0
11163300,-88.3672059,45.0023014,00005557-4900-0400-0000-0000000c8c22,1,2.0,60.0,2,1,0,0,1,0,0,0,0,A,0,0,1,0
11163301,-88.37289,45.003319,00005557-4900-0400-0000-0000000c8bf4,2,16.0,480.0,1,1,0,0,1,0,0,0,0,A,0,0,1,0
11163302,-88.4260925,45.0651863,00005557-4900-0400-0000-0000000c5e87,1,2.0,60.0,1,1,0,0,1,0,0,0,0,4,0,0,1,0
11163303,-88.36964,45.047217,00005557-4900-0400-0000-0000001bf9db,1,6.0,180.0,2,1,0,0,1,0,0,0,0,4,0,0,1,0
11163304,-88.3856799,45.044078,00005557-4900-0400-0000-0000001bfa03,1,4.0,120.0,1,1,0,0,1,0,0,0,0,4,0,0,1,0
11163305,-88.4239013,45.0872733,00005557-4900-0400-0000-0000001bfa14,1,4.0,120.0,2,1,0,0,1,0,0,0,0,O,0,0,1,0
11163306,-88.45659,45.017236,00005557-4900-0400-0000-0000000c66d4,1,4.0,120.0,1,1,0,0,1,0,0,0,0,4,0,0,1,0
11163307,-88.3771067,44.9961034,00005557-4900-0400-0000-0000000c8bc5,1,2.0,60.0,1,1,0,0,1,0,0,0,0,4,0,0,1,0
11163308,-88.3765635,44.9956746,00005557-4900-0400-0000-0000000c8bc5,1,8.0,240.0,1,1,0,0,1,0,0,0,0,A,0,0,1,0
11163309,-88.377341,44.995671,00005557-4900-0400-0000-0000000c8bc5,1,2.0,60.0,1,1,0,0,1,0,0,0,0,4,0,0,1,0
11163310,-88.353233,44.999058,00005557-4900-0400-0000-0000001ce38d,1,6.0,180.0,2,1,0,0,1,0,0,0,0,4,0,0,1,0
11163311,-88.3661983,45.0009935,00005557-4900-0400-0000-0000000c8c08,1,4.0,120.0,1,1,0,0,1,0,0,0,0,O,0,0,1,0
11163312,-88.4467096,44.9937966,00005557-4900-0400-0000-0000000c6655,1,8.0,240.0,2,1,0,0,1,0,0,0,0,A,0,0,1,0
11163313,-88.4867042,44.9946149,abb987c8-60bd-418c-9934-1f9f3249ece9,1,4.0,120.0,2,1,0,0,1,0,0,0,0,4,0,0,1,0
11163314,-88.381644,45.019101,00005557-4900-0400-0000-0000000c66dd,1,2.0,60.0,1,1,0,0,1,0,0,0,0,4,0,0,1,0
11163315,-88.416963,45.118403,00005557-4900-0400-0000-0000001b03ae,1,2.0,60.0,2,1,0,0,1,0,0,0,0,O,0,0,1,0
11163316,-88.416963,45.118403,00005557-4900-0400-0000-0000001b03ae,1,2.0,60.0,2,1,0,0,1,0,0,0,0,4,0,0,1,0
11163317,-88.418336,45.120291,00005557-4900-0400-0000-0000001b03b5,1,2.0,60.0,2,1,0,0,1,0,0,0,0,4,0,0,1,0
11163318,-88.476929,45.184027,00005557-4900-0400-0000-0000000c77ba,1,2.0,60.0,1,1,0,0,1,0,0,0,0,4,0,0,1,0
11163319,-88.384947,44.986672,00005557-4900-0400-0000-0000000c66d7,1,2.0,60.0,2,1,0,0,1,0,0,0,0,4,0,0,1,0
11163320,-88.428693,44.995816,00005557-4900-0400-0000-0000001b3664,1,2.0,60.0,2,1,0,0,1,0,0,0,0,4,0,0,1,0
11163321,-88.445324,44.991591,00005557-4900-0400-0000-0000000c6655,1,4.0,120.0,1,1,0,0,1,0,0,0,0,4,0,0,1,0
11163323,-88.297762,44.912384,00005557-4900-0400-0000-0000000c6554,1,2.0,60.0,1,1,0,0,1,0,0,0,0,4,0,0,1,0
11163324,-88.3236505,44.9313098,00005557-4900-0400-0000-0000001bfac9,1,6.0,180.0,1,1,0,0,1,0,0,0,0,4,0,0,1,0
11163325,-88.3649179,45.0424054,00005557-4900-0400-0000-000000003ef7,1,2.0,60.0,1,1,0,0,1,0,0,0,0,4,0,0,1,0
11163326,-88.363196,45.033643,00005557-4900-0400-0000-0000000c5924,1,2.0,60.0,2,1,0,0,1,0,0,0,0,4,0,0,1,0
11163330,-88.358079,45.0055053,00005557-4900-0400-0000-00000000e84b,1,4.0,120.0,1,1,0,0,1,0,0,0,0,4,0,0,1,0
11163331,-88.3020222,44.8963681,00005557-4900-0400-0000-0000000c646f,1,4.0,120.0,2,1,0,0,1,0,0,0,0,A,0,0,1,0
11163332,-88.3012626,44.8959188,00005557-4900-0400-0000-0000000c646f,1,4.0,120.0,1,1,0,0,1,0,0,0,0,A,0,0,1,0
11163333,-88.342701,45.036505,00005557-4900-0400-0000-0000001bf95a,1,4.0,120.0,1,1,0,0,1,0,0,0,0,4,0,0,1,0
11163337,-88.314095,44.927481,00005557-4900-0400-0000-0000001bfacd,1,8.0,240.0,2,1,0,0,1,0,0,0,0,4,0,0,1,0
11163338,-88.314095,44.927481,00005557-4900-0400-0000-0000001bfacd,1,2.0,60.0,2,1,0,0,1,0,0,0,0,4,0,0,1,0
11163339,-88.32813,45.003674,00005557-4900-0400-0000-0000001bfc96,1,4.0,120.0,1,1,0,0,1,0,0,0,0,A,0,0,1,0
11163340,-88.314636,45.026939,00005557-4900-0400-0000-0000000c7312,1,4.0,120.0,2,1,0,0,1,0,0,0,0,O,0,0,1,0
11163341,-88.370539,45.004724,c8e490a3-3a3a-40fb-aead-95a637ae7270,1,6.0,180.0,2,1,0,0,1,0,0,0,0,O,0,0,1,0
11163343,-88.293665,44.942059,ed103978-613a-490f-b3c0-3b7c70178d85,1,4.0,120.0,2,1,0,0,1,0,0,0,0,4,0,0,1,0
11163344,-88.3707928,44.9992003,00005557-4900-0400-0000-0000000c8c31,1,4.0,120.0,2,1,0,0,1,0,0,0,0,A,0,0,1,0
11163345,-88.295711,44.950275,00005557-4900-0400-0000-0000000c734d,1,2.0,60.0,1,1,0,0,1,0,0,0,0,E,0,0,1,0
11163346,-88.32594,44.969071,00005557-4900-0400-0000-0000001bfca4,1,2.0,60.0,1,1,0,0,1,0,0,0,0,4,0,0,1,0
11163347,-88.299035,44.959952,00005557-4900-0400-0000-0000000c7341,1,4.0,120.0,1,1,0,0,1,0,0,0,0,4,0,0,1,0
11163348,-88.2952138,44.9610543,00005557-4900-0400-0000-0000000c7341,1,6.0,180.0,1,1,0,0,1,0,0,0,0,E,0,0,1,0
11163349,-88.3706888,45.0001465,00005557-4900-0400-0000-0000000c8bef,1,4.0,120.0,2,1,0,0,1,0,0,0,0,O,0,0,1,0
11163350,-88.33151,44.843733,00005557-4900-0400-0000-000000101560,1,2.0,60.0,1,1,0,0,1,0,0,0,0,4,0,0,1,0
11163355,-88.3712268,44.9986967,9c39626e-277d-41ae-afb6-86961d71c9aa,1,4.0,120.0,1,1,0,0,1,0,0,0,0,4,0,0,1,0
11163356,-88.369839,44.999239,00005557-4900-0400-0000-0000000c8c31,1,4.0,120.0,2,1,0,0,1,0,0,0,0,4,0,0,1,0
11163357,-88.391275,44.998143,00005557-4900-0400-0000-00000000f09c,1,2.0,60.0,1,1,0,0,1,0,0,0,0,O,0,0,1,0
11163358,-88.437354,45.074481,b2238a89-4190-4e9c-b84b-296bf658fde6,1,4.0,120.0,2,1,0,0,1,0,0,0,0,4,0,0,1,0
11163359,-88.29089,44.942003,a2b9db48-621e-4cae-bf56-301e9e765c93,1,2.0,60.0,2,1,0,0,1,0,0,0,0,4,0,0,1,0
11163360,-88.4377535,45.0037499,00005557-4900-0400-0000-0000000c6674,1,4.0,120.0,1,1,0,0,1,0,0,0,0,O,0,0,1,0
11163361,-88.296228,44.883025,db9741ea-f721-4a3e-abf3-cba420f2d6ea,1,6.0,180.0,2,1,0,0,1,0,0,0,0,A,0,0,1,0
11163363,-88.430988,45.068186,00005557-4900-0400-0000-0000000c5d41,4,32.0,960.0,2,1,0,0,1,0,0,0,0,A,0,0,1,0
11163365,-88.382871,45.0262529,00005557-4900-0400-0000-0000001b940a,1,4.0,120.0,2,1,0,0,1,0,0,0,0,O,0,0,1,0
11163370,-88.430256,45.029068,00005557-4900-0400-0000-0000001b9641,1,4.0,120.0,1,1,0,0,1,0,0,0,0,O,0,0,1,0
11163371,-88.326194,44.944629,00005557-4900-0400-0000-0000000c7372,1,2.0,60.0,2,1,0,0,1,0,0,0,0,4,0,0,1,0
11163373,-88.2966288,44.896142,00005557-4900-0400-0000-0000000c6468,1,2.0,60.0,2,1,0,0,1,0,0,0,0,A,0,0,1,0
11163375,-88.363719,44.980541,00005557-4900-0400-0000-0000000c733d,1,4.0,120.0,2,1,0,0,1,0,0,0,0,4,0,0,1,0
11163378,-88.3693619,44.9987795,00005557-4900-0400-0000-0000000c8c2e,1,2.0,60.0,1,1,0,0,1,0,0,0,0,4,0,0,1,0
11163382,-88.4521851,45.1516737,00005557-4900-0400-0000-0000000c7617,1,2.0,60.0,1,1,0,0,1,0,0,0,0,4,0,0,1,0
11163383,-88.3040731,44.8963254,00005557-4900-0400-0000-0000000c6605,1,4.0,120.0,1,1,0,0,1,0,0,0,0,A,0,0,1,0
11163387,-88.3666347,44.9986678,a7adeae8-76f8-411a-a158-a0b343d7f88b,1,2.0,60.0,1,1,0,0,1,0,0,0,0,O,0,0,1,0
11163390,-88.36831,44.999238,00005557-4900-0400-0000-0000000c8c2e,1,4.0,120.0,2,1,0,0,1,0,0,0,0,A,0,0,1,0
11163392,-88.371978,44.999162,dd2c9c2d-1175-46cc-be7a-a2849255f326,1,4.0,120.0,2,1,0,0,1,0,0,0,0,O,0,0,1,0
11163393,-88.4505909,45.1263495,e0ec83f3-c713-40bc-af9c-365d6414f7d8,1,4.0,120.0,2,1,0,0,1,0,0,0,0,O,0,0,1,0
11163395,-88.425777,45.129738,00005557-4900-0400-0000-0000001ce3c7,1,6.0,180.0,2,1,0,0,1,0,0,0,0,A,0,0,1,0
11163396,-88.307548,44.939703,00005557-4900-0400-0000-00000000f083,1,6.0,180.0,2,1,0,0,1,0,0,0,0,E,0,0,1,0
11163400,-88.3185782,44.9400267,00005557-4900-0400-0000-00000000f07f,1,6.0,180.0,1,1,0,0,1,0,0,0,0,4,0,0,1,0
11163403,-88.3727606,44.998427,f8a814f3-d3d7-4d94-b225-0363dd771cef,1,4.0,120.0,1,1,0,0,1,0,0,0,0,A,0,0,1,0
11163405,-88.410213,44.997762,e41474ba-5d22-4720-8a82-50d57e5f61cc,1,6.0,180.0,1,1,0,0,1,0,0,0,0,4,0,0,1,0
11163407,-88.30236,44.896926,00005557-4900-0400-0000-0000000c65f1,1,4.0,120.0,1,1,0,0,1,0,0,0,0,4,0,0,1,0
11163413,-88.285047,44.879941,00005557-4900-0400-0000-0000001bfabb,1,2.0,60.0,1,1,0,0,1,0,0,0,0,O,0,0,1,0
11163419,-88.448967,45.142572,00005557-4900-0400-0000-0000000c760a,1,8.0,240.0,2,1,0,0,1,0,0,0,0,A,0,0,1,0
11163430,-88.324557,44.984307,a7393144-76fa-4ebd-8a96-cedd038d4498,1,6.0,180.0,2,1,0,0,1,0,0,0,0,4,0,0,1,0
11163431,-88.373735,44.9983134,00005557-4900-0400-0000-0000000c8c20,1,4.0,120.0,2,1,0,0,1,0,0,0,0,O,0,0,1,0
11163444,-88.31152,44.855525,00005557-4900-0400-0000-0000000c64ee,1,6.0,180.0,1,1,0,0,1,0,0,0,0,O,0,0,1,0
11163457,-88.3073234,44.8899914,00005557-4900-0400-0000-0000000c64a6,1,6.0,180.0,2,1,0,0,1,0,0,0,0,4,0,0,1,0
11163460,-88.3073234,44.8899914,00005557-4900-0400-0000-0000000c64a6,1,6.0,180.0,2,1,0,0,1,0,0,0,0,A,0,0,1,0
11163477,-88.280852,44.897177,00005557-4900-0400-0000-0000000c65fa,1,4.0,120.0,2,1,0,0,1,0,0,0,0,4,0,0,1,0
11163485,-88.37604,45.000429,00005557-4900-0400-0000-0000000c8bd2,2,16.0,480.0,2,1,0,0,1,0,0,0,0,A,0,0,1,0
11163494,-88.3073234,44.8899914,00005557-4900-0400-0000-0000000c64a6,1,4.0,120.0,2,1,0,0,1,0,0,0,0,O,0,0,1,0
11163501,-88.3514,44.998178,00005557-4900-0400-0000-0000000c738a,1,4.0,120.0,1,1,0,0,1,0,0,0,0,4,0,0,1,0
11163555,-88.4352339,45.1322793,00005557-4900-0400-0000-0000000c776e,1,2.0,60.0,1,1,0,0,1,0,0,0,0,A,0,0,1,0
11163556,-88.3283551,44.9978606,a3cce4ef-a1de-46ff-8f78-01ec84e96a4b,2,16.0,480.0,2,1,0,0,1,0,0,0,0,A,0,0,1,0
11163563,-88.4695009,45.179779,f58f3cc9-0039-4d10-8ce1-74b9b1b5e37f,1,6.0,180.0,2,1,0,0,1,0,0,0,0,O,0,0,1,0
11163568,-88.3720464,44.9991553,dd2c9c2d-1175-46cc-be7a-a2849255f326,1,2.0,60.0,2,1,0,0,1,0,0,0,0,4,0,0,1,0
11163570,-88.3720464,44.9991553,dd2c9c2d-1175-46cc-be7a-a2849255f326,1,2.0,60.0,2,1,0,0,1,0,0,0,0,4,0,0,1,0
11163571,-88.3720464,44.9991553,dd2c9c2d-1175-46cc-be7a-a2849255f326,1,2.0,60.0,2,1,0,0,1,0,0,0,0,4,0,0,1,0
11164093,-87.998004,44.924765,00005557-4900-0400-0000-0000001bfd8a,1,2.0,60.0,1,1,0,0,0,1,0,0,0,O,0,0,1,0
11164107,-88.048205,45.001118,00005557-4900-0400-0000-0000001b0662,1,6.0,180.0,2,1,0,0,0,1,0,0,0,4,0,0,1,0
11164116,-88.039225,45.001748,00005557-4900-0400-0000-0000001bfbb0,1,2.0,60.0,2,1,0,0,0,1,0,0,0,4,0,0,1,0
11164125,-88.041441,45.000514,00005557-4900-0400-0000-0000001bfbb0,1,2.0,60.0,1,1,0,0,0,1,0,0,0,4,0,0,1,0
11164126,-88.038089,45.000453,00005557-4900-0400-0000-0000001bfbb0,1,2.0,60.0,1,1,0,0,0,1,0,0,0,4,0,0,1,0
11164127,-88.041818,44.999595,00005557-4900-0400-0000-0000001bfbb0,1,2.0,60.0,1,1,0,0,0,1,0,0,0,4,0,0,1,0
11164132,-88.04034437,45.01201962,00005557-4900-0400-0000-0000000c6bfc,1,4.0,120.0,1,1,0,0,0,1,0,0,0,4,0,0,1,0
11164133,-87.989096,44.963067,00005557-4900-0400-0000-0000000c6d84,1,4.0,120.0,1,1,0,0,0,1,0,0,0,4,0,0,1,0
11164134,-88.046566,44.952063,00005557-4900-0400-0000-0000001aca79,1,2.0,60.0,2,1,0,0,0,1,0,0,0,4,0,0,1,0
11164135,-87.978546,44.973696,00005557-4900-0400-0000-0000000c6d76,1,4.0,120.0,1,1,0,0,0,1,0,0,0,O,0,0,1,0
11164136,-87.994186,44.959604,00005557-4900-0400-0000-0000001bfbb6,1,6.0,180.0,2,1,0,0,0,1,0,0,0,4,0,0,1,0
11164138,-87.956279,44.960632,00005557-4900-0400-0000-0000000c6d87,1,2.0,60.0,1,1,0,0,0,1,0,0,0,4,0,0,1,0
11164139,-88.013769,44.948839,00005557-4900-0400-0000-0000001bfb90,1,2.0,60.0,2,1,0,0,0,1,0,0,0,4,0,0,1,0
11164140,-88.048499,44.951886,00005557-4900-0400-0000-0000000c6af5,1,2.0,60.0,2,1,0,0,0,1,0,0,0,4,0,0,1,0
11164141,-88.04712,44.953876,00005557-4900-0400-0000-0000000c6b1a,1,4.0,120.0,1,1,0,0,0,1,0,0,0,O,0,0,1,0
11164142,-88.048469,44.954081,b6408055-cfb0-4126-a417-6bd517b104a9,1,4.0,120.0,1,1,0,0,0,1,0,0,0,4,0,0,1,0
11164143,-88.016855,44.950368,00005557-4900-0400-0000-0000000c6b9f,1,4.0,120.0,2,1,0,0,0,1,0,0,0,4,0,0,1,0
11164144,-88.057319,44.951535,00005557-4900-0400-0000-0000000c6ac3,1,2.0,60.0,1,1,0,0,0,1,0,0,0,4,0,0,1,0
11164147,-88.006697,44.950145,00005557-4900-0400-0000-0000000c6ba2,1,2.0,60.0,1,1,0,0,0,1,0,0,0,4,0,0,1,0
11164148,-88.047178,44.952948,b6408055-cfb0-4126-a417-6bd517b104a9,1,2.0,60.0,1,1,0,0,0,1,0,0,0,4,0,0,1,0
11164149,-88.049544,44.953123,00005557-4900-0400-0000-0000000c6afa,1,4.0,120.0,2,1,0,0,0,1,0,0,0,O,0,0,1,0
11164150,-88.051453,44.949582,00005557-4900-0400-0000-0000000c6ae5,1,2.0,60.0,1,1,0,0,0,1,0,0,0,4,0,0,1,0
11164151,-88.051026,44.950004,00005557-4900-0400-0000-0000000c6ae5,1,6.0,180.0,1,1,0,0,0,1,0,0,0,4,0,0,1,0
11164152,-88.049642,44.949327,00005557-4900-0400-0000-0000000c6aed,1,6.0,180.0,1,1,0,0,0,1,0,0,0,O,0,0,1,0
11164153,-88.008652,44.952546,00005557-4900-0400-0000-0000000040a8,1,6.0,180.0,1,1,0,0,0,1,0,0,0,4,0,0,1,0
11164154,-88.04651,44.947742,00005557-4900-0400-0000-0000000c6b12,1,4.0,120.0,2,1,0,0,0,1,0,0,0,4,0,0,1,0
11164155,-88.046299,44.950053,00005557-4900-0400-0000-0000000c6b15,1,2.0,60.0,2,1,0,0,0,1,0,0,0,A,0,0,1,0
11164156,-88.043438,44.95093,975c52be-ac40-48ab-8605-bfc5b3e464cf,1,4.0,120.0,1,1,0,0,0,1,0,0,0,A,0,0,1,0
11164157,-88.056857,44.953444,00005557-4900-0400-0000-0000001bfb78,1,6.0,180.0,2,1,0,0,0,1,0,0,0,O,0,0,1,0
11164160,-88.049772,44.953408,00005557-4900-0400-0000-0000000c6b09,1,6.0,180.0,2,1,0,0,0,1,0,0,0,A,0,0,1,0
11164161,-88.047457,44.976567,d715f95e-f08f-4d18-a342-3aaed24a9b58,1,4.0,120.0,1,1,0,0,0,1,0,0,0,O,0,0,1,0
11164162,-88.046559,44.950768,e57524a4-f4f8-466e-b93b-3a33aa4cccd8,1,4.0,120.0,1,1,0,0,0,1,0,0,0,4,0,0,1,0
11164163,-88.050005,44.952085,00005557-4900-0400-0000-0000000c6aec,1,2.0,60.0,1,1,0,0,0,1,0,0,0,O,0,0,1,0
11164164,-88.047255,44.950434,00005557-4900-0400-0000-0000000c6af1,1,2.0,60.0,2,1,0,0,0,1,0,0,0,4,0,0,1,0
11164165,-88.045669,44.951228,975c52be-ac40-48ab-8605-bfc5b3e464cf,1,2.0,60.0,2,1,0,0,0,1,0,0,0,4,0,0,1,0
11164166,-88.050788,44.950731,00005557-4900-0400-0000-000000176c5d,1,6.0,180.0,1,1,0,0,0,1,0,0,0,A,0,0,1,0
11164167,-88.047008,44.952322,00005557-4900-0400-0000-0000000c6b02,1,2.0,60.0,2,1,0,0,0,1,0,0,0,4,0,0,1,0
11164168,-88.056993,44.949753,00005557-4900-0400-0000-0000000c6ab2,1,4.0,120.0,2,1,0,0,0,1,0,0,0,O,0,0,1,0
11164169,-88.050407,44.951355,a9e468ec-37b8-4e40-9bc3-46d8147bf8fc,1,4.0,120.0,2,1,0,0,0,1,0,0,0,4,0,0,1,0
11164170,-88.048266,44.948063,00005557-4900-0400-0000-0000000c6ab8,1,6.0,180.0,1,1,0,0,0,1,0,0,0,A,0,0,1,0
11164171,-88.047045,44.950886,00005557-4900-0400-0000-0000000c6b15,1,2.0,60.0,1,1,0,0,0,1,0,0,0,4,0,0,1,0
11164172,-88.0546,44.96809,00005557-4900-0400-0000-0000001bfba8,1,4.0,120.0,1,1,0,0,0,1,0,0,0,4,0,0,1,0
11164173,-88.04945,44.965802,00005557-4900-0400-0000-0000001bfba7,1,2.0,60.0,2,1,0,0,0,1,0,0,0,O,0,0,1,0
11164174,-88.04981,44.942743,00005557-4900-0400-0000-0000000c6b8d,1,4.0,120.0,1,1,0,0,0,1,0,0,0,4,0,0,1,0
11164175,-88.008508,44.979373,00005557-4900-0400-0000-0000001bfb9a,1,4.0,120.0,2,1,0,0,0,1,0,0,0,4,0,0,1,0
11164176,-87.958997,44.953587,00005557-4900-0400-0000-0000001bfbe4,1,2.0,60.0,1,1,0,0,0,1,0,0,0,4,0,0,1,0
11164178,-88.048851,44.949203,00005557-4900-0400-0000-0000000c6b13,1,2.0,60.0,1,1,0,0,0,1,0,0,0,O,0,0,1,0
11164180,-88.025016,44.96621,00005557-4900-0400-0000-0000000c6bc9,1,2.0,60.0,2,1,0,0,0,1,0,0,0,4,0,0,1,0
11164181,-87.986245,44.921205,00005557-4900-0400-0000-0000001bfd8c,1,4.0,120.0,2,1,0,0,0,1,0,0,0,4,0,0,1,0
11164182,-88.023918,44.949877,00005557-4900-0400-0000-0000000c6b9e,1,6.0,180.0,2,1,0,0,0,1,0,0,0,4,0,0,1,0
11164185,-88.023275,44.951035,00005557-4900-0400-0000-0000000c6b9e,1,2.0,60.0,1,1,0,0,0,1,0,0,0,4,0,0,1,0
11164187,-87.982805,45.052272,00005557-4900-0400-0000-0000001d866a,1,2.0,60.0,2,1,0,0,0,1,0,0,0,4,0,0,1,0
11164188,-88.0441919,45.0234379,00005557-4900-0400-0000-0000000c6c42,1,4.0,120.0,1,1,0,0,0,1,0,0,0,4,0,0,1,0
11164189,-87.984936,45.042297,00005557-4900-0400-0000-0000001d6f1e,1,2.0,60.0,1,1,0,0,0,1,0,0,0,4,0,0,1,0
11164190,-88.025723,44.982807,88265f9d-f1d7-45c9-bb69-7e41f8b79cf1,1,4.0,120.0,1,1,0,0,0,1,0,0,0,4,0,0,1,0
11164191,-87.996226,45.070355,00005557-4900-0400-0000-0000001d6efe,1,4.0,120.0,1,1,0,0,0,1,0,0,0,4,0,0,1,0
11164194,-88.042359,44.903563,00005557-4900-0400-0000-0000001bff50,1,8.0,240.0,1,1,0,0,0,1,0,0,0,4,0,0,1,0
11164195,-87.933293,45.024637,00005557-4900-0400-0000-0000000a790d,1,4.0,120.0,2,1,0,0,0,1,0,0,0,4,0,0,1,0
11164196,-87.957982,45.074843,00005557-4900-0400-0000-0000000a9700,1,2.0,60.0,2,1,0,0,0,1,0,0,0,4,0,0,1,0
11164197,-87.995422,45.064866,a1e8c60b-ebaf-4f3f-bf9c-9ca250940bd6,1,2.0,60.0,1,1,0,0,0,1,0,0,0,4,0,0,1,0
11164198,-87.97202,45.028715,00005557-4900-0400-0000-0000001d6f0b,1,2.0,60.0,1,1,0,0,0,1,0,0,0,4,0,0,1,0
11164199,-88.00904,44.981595,00005557-4900-0400-0000-0000001bfb9a,1,6.0,180.0,1,1,0,0,0,1,0,0,0,4,0,0,1,0
11164202,-87.957982,45.074843,00005557-4900-0400-0000-0000000a9700,1,4.0,120.0,2,1,0,0,0,1,0,0,0,O,0,0,1,0
11164203,-88.011478,45.015922,00005557-4900-0400-0000-0000001bfba2,1,2.0,60.0,2,1,0,0,0,1,0,0,0,O,0,0,1,0
11164204,-88.02665,44.967208,00005557-4900-0400-0000-0000000c6bc9,1,6.0,180.0,1,1,0,0,0,1,0,0,0,4,0,0,1,0
11164205,-87.921245,45.075263,00005557-4900-0400-0000-0000001d7c12,1,4.0,120.0,2,1,0,0,0,1,0,0,0,4,0,0,1,0
11164206,-87.962273,45.042262,00005557-4900-0400-0000-0000000a9693,1,2.0,60.0,1,1,0,0,0,1,0,0,0,4,0,0,1,0
11164207,-88.04693,44.984106,00005557-4900-0400-0000-000000176c9d,1,2.0,60.0,1,1,0,0,0,1,0,0,0,4,0,0,1,0
11164208,-88.056472,44.950372,00005557-4900-0400-0000-0000000c6acf,1,2.0,60.0,1,1,0,0,0,1,0,0,0,4,0,0,1,0
11164209,-87.934999,45.065572,adbcdcec-bb9a-4d9b-adf6-d44dc9661478,1,2.0,60.0,2,1,0,0,0,1,0,0,0,O,0,0,1,0
11164210,-87.974219,45.011788,00005557-4900-0400-0000-0000000c6e83,1,4.0,120.0,1,1,0,0,0,1,0,0,0,4,0,0,1,0
11164211,-87.95853,45.074667,00005557-4900-0400-0000-0000000a9700,1,2.0,60.0,1,1,0,0,0,1,0,0,0,O,0,0,1,0
11164212,-87.984749,45.043337,00005557-4900-0400-0000-0000001d6f1e,1,2.0,60.0,1,1,0,0,0,1,0,0,0,4,0,0,1,0
11164213,-87.939964,44.959547,810ae564-ebe2-4b90-b057-4d14ae984f62,1,2.0,60.0,2,1,0,0,0,1,0,0,0,4,0,0,1,0
11164214,-88.0322675,45.0272353,00005557-4900-0400-0000-0000000a9637,1,2.0,60.0,1,1,0,0,0,1,0,0,0,4,0,0,1,0
11164215,-88.048058,45.006874,dfac8cd8-0a5a-46de-bead-5278c1471604,1,6.0,180.0,1,1,0,0,0,1,0,0,0,4,0,0,1,0
11164216,-88.045345,44.994403,00005557-4900-0400-0000-0000001b0662,1,8.0,240.0,1,1,0,0,0,1,0,0,0,4,0,0,1,0
11164217,-87.94253,44.983977,dec73765-7cc7-4a67-8252-eee835cddb46,1,4.0,120.0,2,1,0,0,0,1,0,0,0,4,0,0,1,0
11164218,-87.926871,45.086092,00005557-4900-0400-0000-0000001d7b10,1,6.0,180.0,2,1,0,0,0,1,0,0,0,4,0,0,1,0
11164220,-87.957631,45.071912,00005557-4900-0400-0000-0000000a96c7,1,2.0,60.0,2,1,0,0,0,1,0,0,0,O,0,0,1,0
11164221,-87.854048,44.989783,00005557-4900-0400-0000-0000000c6e79,1,2.0,60.0,1,1,0,0,0,1,0,0,0,O,0,0,1,0
11164222,-87.852486,44.969016,00005557-4900-0400-0000-0000001bfbdd,1,2.0,60.0,1,1,0,0,0,1,0,0,0,4,0,0,1,0
11164223,-88.047916,45.017729,00005557-4900-0400-0000-0000001e6699,1,2.0,60.0,1,1,0,0,0,1,0,0,0,4,0,0,1,0
11164224,-87.990944,45.073806,00005557-4900-0400-0000-0000001d6efe,1,2.0,60.0,2,1,0,0,0,1,0,0,0,4,0,0,1,0
11164225,-87.852805,44.989897,00005557-4900-0400-0000-0000000c6e79,1,4.0,120.0,1,1,0,0,0,1,0,0,0,4,0,0,1,0
11164231,-87.976296,45.009878,00005557-4900-0400-0000-0000000c6e83,1,2.0,60.0,1,1,0,0,0,1,0,0,0,O,0,0,1,0
11164232,-87.885255,44.883208,00005557-4900-0400-0000-0000000c7b79,1,6.0,180.0,1,1,0,0,0,1,0,0,0,A,0,0,1,0
11164233,-87.88328,44.890673,00005557-4900-0400-0000-0000000c7b75,1,8.0,240.0,2,1,0,0,0,1,0,0,0,O,0,0,1,0
11164234,-87.852926,44.990336,00005557-4900-0400-0000-0000000c6e79,1,4.0,120.0,1,1,0,0,0,1,0,0,0,4,0,0,1,0
11164235,-87.867461,44.886346,00005557-4900-0400-0000-0000000c7988,1,6.0,180.0,1,1,0,0,0,1,0,0,0,A,0,0,1,0
11164237,-87.867685,44.887477,00005557-4900-0400-0000-0000000c798f,1,2.0,60.0,1,1,0,0,0,1,0,0,0,O,0,0,1,0
11164238,-87.838926,44.978153,00005557-4900-0400-0000-0000000c6e28,1,2.0,60.0,2,1,0,0,0,1,0,0,0,4,0,0,1,0
11164240,-87.897904,44.958952,00005557-4900-0400-0000-0000000c6d07,1,6.0,180.0,1,1,0,0,0,1,0,0,0,4,0,0,1,0
11164241,-87.903872,45.054996,00005557-4900-0400-0000-0000000a77ca,1,2.0,60.0,1,1,0,0,0,1,0,0,0,O,0,0,1,0
11164242,-87.883721,44.884457,bb512ef7-c6a3-4542-90ad-9605cd51b2ae,1,6.0,180.0,2,1,0,0,0,1,0,0,0,A,0,0,1,0
11164243,-87.870051,44.888493,00005557-4900-0400-0000-0000000c7984,1,8.0,240.0,2,1,0,0,0,1,0,0,0,O,0,0,1,0
11164244,-87.885401,44.972248,00005557-4900-0400-0000-0000000c6de2,1,2.0,60.0,1,1,0,0,0,1,0,0,0,4,0,0,1,0
11164245,-87.973399,45.009855,00005557-4900-0400-0000-0000000c6e83,1,4.0,120.0,2,1,0,0,0,1,0,0,0,4,0,0,1,0
11164246,-87.963572,45.030996,00005557-4900-0400-0000-0000000a968b,1,2.0,60.0,1,1,0,0,0,1,0,0,0,4,0,0,1,0
11164248,-87.870051,44.887325,00005557-4900-0400-0000-000000176f5a,1,4.0,120.0,1,1,0,0,0,1,0,0,0,A,0,0,1,0
11164249,-87.927276,45.034952,00005557-4900-0400-0000-0000001d7c42,1,6.0,180.0,2,1,0,0,0,1,0,0,0,4,0,0,1,0
11164250,-87.944627,45.063616,00005557-4900-0400-0000-0000000a96d2,1,6.0,180.0,1,1,0,0,0,1,0,0,0,4,0,0,1,0
11164251,-87.859112,44.946032,00005557-4900-0400-0000-0000000c6d47,1,4.0,120.0,1,1,0,0,0,1,0,0,0,4,0,0,1,0
11164253,-87.940376,45.036809,00005557-4900-0400-0000-000000003975,1,2.0,60.0,2,1,0,0,0,1,0,0,0,4,0,0,1,0
11164254,-87.992696,44.979413,00005557-4900-0400-0000-0000000c6e67,1,2.0,60.0,2,1,0,0,0,1,0,0,0,O,0,0,1,0
11164255,-87.996311,45.036563,00005557-4900-0400-0000-0000000a967b,1,4.0,120.0,2,1,0,0,0,1,0,0,0,4,0,0,1,0
11164257,-87.889606,44.878488,00005557-4900-0400-0000-0000001bfd4c,1,8.0,240.0,1,1,0,0,0,1,0,0,0,O,0,0,1,0
11164258,-87.883779,44.895755,00005557-4900-0400-0000-0000000c7b9f,1,6.0,180.0,1,1,0,0,0,1,0,0,0,O,0,0,1,0
11164259,-87.968508,44.991696,ae74117a-9f07-4dc5-b560-422304ab0a38,1,6.0,180.0,1,1,0,0,0,1,0,0,0,4,0,0,1,0
11164260,-88.0467692,44.9511001,e57524a4-f4f8-466e-b93b-3a33aa4cccd8,1,2.0,60.0,2,1,0,0,0,1,0,0,0,4,0,0,1,0
11164262,-87.869513,44.888848,00005557-4900-0400-0000-0000000c79a8,1,2.0,60.0,2,1,0,0,0,1,0,0,0,4,0,0,1,0
11164263,-87.868062,44.888199,00005557-4900-0400-0000-0000000c798d,1,4.0,120.0,2,1,0,0,0,1,0,0,0,4,0,0,1,0
11164265,-87.871142,44.888855,825f5ba4-565a-4dc4-b12b-405a9194b9ee,1,6.0,180.0,2,1,0,0,0,1,0,0,0,O,0,0,1,0
11164266,-87.902036,44.883631,00005557-4900-0400-0000-0000001bfd4d,1,2.0,60.0,1,1,0,0,0,1,0,0,0,4,0,0,1,0
11164268,-87.87091,44.886619,00005557-4900-0400-0000-0000000c7b45,1,6.0,180.0,2,1,0,0,0,1,0,0,0,A,0,0,1,0
11164269,-87.907227,44.977799,00005557-4900-0400-0000-0000000c6e74,1,6.0,180.0,1,1,0,0,0,1,0,0,0,4,0,0,1,0
11164270,-87.938853,44.966041,a661230e-7517-45b4-b4cf-430d412530ef,1,6.0,180.0,2,1,0,0,0,1,0,0,0,O,0,0,1,0
11164271,-87.864053,44.870894,00005557-4900-0400-0000-0000001bfd78,1,4.0,120.0,2,1,0,0,0,1,0,0,0,4,0,0,1,0
11164274,-87.895725,44.892627,81c96e2e-f438-4329-91fb-1bf0887ece1d,4,8.0,240.0,2,1,0,0,0,1,0,0,0,A,0,0,1,0
11164275,-87.940398,45.043949,00005557-4900-0400-0000-000000003978,1,4.0,120.0,2,1,0,0,0,1,0,0,0,4,0,0,1,0
11164276,-87.885161,44.893621,abc394b4-0185-430c-aef6-a9d4fa927879,1,2.0,60.0,1,1,0,0,0,1,0,0,0,A,0,0,1,0
11164278,-87.878642,44.886505,00005557-4900-0400-0000-0000000c7945,1,4.0,120.0,1,1,0,0,0,1,0,0,0,A,0,0,1,0
11164280,-87.910409,44.882407,00005557-4900-0400-0000-0000000c7dce,1,4.0,120.0,2,1,0,0,0,1,0,0,0,O,0,0,1,0
11164281,-88.093906,44.886397,f589fcbd-2a9b-4d53-92cc-cb7a497b331c,1,2.0,60.0,2,1,0,0,0,1,0,0,0,4,0,0,1,0
11164283,-87.879924,44.888026,00005557-4900-0400-0000-0000000c7941,1,8.0,240.0,1,1,0,0,0,1,0,0,0,O,0,0,1,0
11164284,-87.862624,44.943548,b1a82e23-545d-4ec0-93f0-ec39a2155e97,1,2.0,60.0,2,1,0,0,0,1,0,0,0,O,0,0,1,0
11164285,-88.032449,44.951438,00005557-4900-0400-0000-0000001cad64,1,6.0,180.0,2,1,0,0,0,1,0,0,0,A,0,0,1,0
11164286,-87.889707,44.977654,00005557-4900-0400-0000-0000000c6de8,1,2.0,60.0,1,1,0,0,0,1,0,0,0,4,0,0,1,0
11164287,-87.95272,44.992984,00005557-4900-0400-0000-0000001bfbd6,1,4.0,120.0,1,1,0,0,0,1,0,0,0,4,0,0,1,0
11164293,-87.884424,44.883905,fb405583-c574-450a-a880-aa601139e991,1,2.0,60.0,1,1,0,0,0,1,0,0,0,A,0,0,1,0
11164295,-87.866171,44.979738,00005557-4900-0400-0000-0000001bfbff,1,2.0,60.0,2,1,0,0,0,1,0,0,0,4,0,0,1,0
11164297,-88.024489,44.979825,00005557-4900-0400-0000-0000001bfb99,1,4.0,120.0,1,1,0,0,0,1,0,0,0,4,0,0,1,0
11164300,-87.913127,44.966147,00005557-4900-0400-0000-0000000c6dc9,1,6.0,180.0,1,1,0,0,0,1,0,0,0,4,0,0,1,0
11164305,-88.028609,44.951136,85f0c2ba-01a2-419f-b168-39ab37b1afd9,1,2.0,60.0,2,1,0,0,0,1,0,0,0,4,0,0,1,0
11164308,-87.958862,45.064532,00005557-4900-0400-0000-0000000a96c0,1,2.0,60.0,2,1,0,0,0,1,0,0,0,4,0,0,1,0
11164313,-88.0312,44.948853,ebd18551-c199-4c02-a9e6-51ae171418cc,1,4.0,120.0,1,1,0,0,0,1,0,0,0,4,0,0,1,0
11164314,-87.979564,44.991746,00005557-4900-0400-0000-0000000c6da2,1,6.0,180.0,2,1,0,0,0,1,0,0,0,4,0,0,1,0
11164317,-87.963776,45.0176,00005557-4900-0400-0000-0000000c6dba,1,4.0,120.0,1,1,0,0,0,1,0,0,0,4,0,0,1,0
11164323,-88.035431,44.952204,00005557-4900-0400-0000-0000001cad64,1,4.0,120.0,1,1,0,0,0,1,0,0,0,O,0,0,1,0
11164325,-87.94081165,44.99298059,acf73052-5c7b-4223-9ff2-2fa02c2acf36,1,2.0,60.0,1,1,0,0,0,1,0,0,0,E,0,0,1,0
11164326,-88.016967,45.01387,00005557-4900-0400-0000-0000000c6c11,1,2.0,60.0,1,1,0,0,0,1,0,0,0,4,0,0,1,0
11164327,-87.879775,44.870706,00005557-4900-0400-0000-0000000c7e12,1,4.0,120.0,2,1,0,0,0,1,0,0,0,4,0,0,1,0
11164328,-88.035388,44.952792,00005557-4900-0400-0000-0000001cad64,1,4.0,120.0,1,1,0,0,0,1,0,0,0,O,0,0,1,0
11164330,-88.010944,45.066582,00005557-4900-0400-0000-0000001d6ef6,1,4.0,120.0,1,1,0,0,0,1,0,0,0,4,0,0,1,0
11164335,-87.852886,44.990752,82394d7f-9714-40ab-be5f-66fc2c1c37ae,1,4.0,120.0,1,1,0,0,0,1,0,0,0,4,0,0,1,0
11164336,-87.882485,44.872343,00005557-4900-0400-0000-0000000c7e12,1,2.0,60.0,1,1,0,0,0,1,0,0,0,O,0,0,1,0
11164338,-87.888592,44.878481,00005557-4900-0400-0000-0000001bfd4c,1,2.0,60.0,1,1,0,0,0,1,0,0,0,A,0,0,1,0
11164366,-87.894918,44.894736,00005557-4900-0400-0000-0000001bfd50,1,6.0,180.0,1,1,0,0,0,1,0,0,0,4,0,0,1,0
11164378,-87.865927,44.885989,00005557-4900-0400-0000-0000001c57af,1,4.0,120.0,1,1,0,0,0,1,0,0,0,4,0,0,1,0
11164397,-87.921266,45.035244,00005557-4900-0400-0000-0000001d7c49,1,2.0,60.0,2,1,0,0,0,1,0,0,0,4,0,0,1,0
11164425,-87.8692504,44.888326,00005557-4900-0400-0000-0000000c798d,1,4.0,120.0,2,1,0,0,0,1,0,0,0,O,0,0,1,0
11164434,-87.966812,45.064669,00005557-4900-0400-0000-0000000a96b4,1,2.0,60.0,2,1,0,0,0,1,0,0,0,4,0,0,1,0
11164445,-87.983287,44.895089,00005557-4900-0400-0000-0000001e2cee,1,6.0,180.0,2,1,0,0,0,1,0,0,0,4,0,0,1,0
11164497,-87.8645473,44.8872124,00005557-4900-0400-0000-0000000c7a15,1,4.0,120.0,2,1,0,0,0,1,0,0,0,A,0,0,1,0
