WEEK#,STOP ID,PIECES,VOLUME,BEF_WK_CD,AFT_WK_CD,WK_FREQUENCY,BEF_MON,BEF_TUE,BEF_WED,BEF_THU,BEF_FRI,BEF_SAT,BEF_SUN,AFT_MON,AFT_TUE,AFT_WED,AFT_THU,AFT_FRI,AFT_SAT,AFT_SUN,CHANGED
1,11163277,2,8.00,A,A,1,0,0,1,0,0,0,0,1,0,0,0,0,0,0,1
1,11163361,1,6.00,A,A,1,0,0,1,0,0,0,0,1,0,0,0,0,0,0,1
1,11163229,1,2.00,A,A,1,0,0,1,0,0,0,0,1,0,0,0,0,0,0,1
1,11163202,1,8.00,A,A,1,0,0,1,0,0,0,0,1,0,0,0,0,0,0,1
1,11163210,10,20.00,A,A,1,0,0,1,0,0,0,0,1,0,0,0,0,0,0,1
1,11163208,3,24.00,A,A,1,0,0,1,0,0,0,0,1,0,0,0,0,0,0,1
1,11163222,1,4.00,A,A,1,0,0,1,0,0,0,0,1,0,0,0,0,0,0,1
1,11163233,1,8.00,A,A,1,0,0,1,0,0,0,0,1,0,0,0,0,0,0,1
1,11163460,1,6.00,A,A,1,0,0,1,0,0,0,0,1,0,0,0,0,0,0,1
1,11163224,1,4.00,A,A,1,0,0,1,0,0,0,0,1,0,0,0,0,0,0,1
1,11163331,1,4.00,A,A,1,0,0,1,0,0,0,0,1,0,0,0,0,0,0,1
1,11163230,1,8.00,A,A,1,0,0,1,0,0,0,0,1,0,0,0,0,0,0,1
1,11163246,1,4.00,A,A,1,0,0,1,0,0,0,0,1,0,0,0,0,0,0,1
1,11163236,1,8.00,A,A,1,0,0,1,0,0,0,0,1,0,0,0,0,0,0,1
1,11163332,1,4.00,A,A,1,0,0,1,0,0,0,0,1,0,0,0,0,0,0,1
1,11163373,1,2.00,A,A,1,0,0,1,0,0,0,0,1,0,0,0,0,0,0,1
1,11163199,1,4.00,A,A,1,0,0,1,0,0,0,0,1,0,0,0,0,0,0,1
1,11163200,1,6.00,A,A,1,0,0,1,0,0,0,0,1,0,0,0,0,0,0,1
1,11163184,1,4.00,A,A,1,0,0,1,0,0,0,0,1,0,0,0,0,0,0,1
1,11163187,1,2.00,A,A,1,0,0,1,0,0,0,0,1,0,0,0,0,0,0,1
1,11163383,1,4.00,A,A,1,0,0,1,0,0,0,0,1,0,0,0,0,0,0,1
1,11163280,1,8.00,A,A,1,0,0,1,0,0,0,0,1,0,0,0,0,0,0,1
1,11163193,1,8.00,A,A,1,0,0,1,0,0,0,0,1,0,0,0,0,0,0,1
1,11163194,1,6.00,A,A,1,0,0,1,0,0,0,0,1,0,0,0,0,0,0,1
1,11163276,1,6.00,A,A,1,0,0,1,0,0,0,0,1,0,0,0,0,0,0,1
1,11163261,4,32.00,A,A,1,0,0,1,0,0,0,0,1,0,0,0,0,0,0,1
1,11163209,1,6.00,A,A,1,0,0,1,0,0,0,0,1,0,0,0,0,0,0,1
1,11163258,1,8.00,O,O,1,0,0,1,0,0,0,0,1,0,0,0,0,0,0,1
1,11163444,1,6.00,O,O,1,0,0,1,0,0,0,0,1,0,0,0,0,0,0,1
1,11161584,1,2.00,O,O,1,1,0,0,0,0,0,0,1,0,0,0,0,0,0,0
1,11163413,1,2.00,O,O,1,0,0,1,0,0,0,0,1,0,0,0,0,0,0,1
1,11163212,1,6.00,2,1,1,0,0,1,0,0,0,0,1,0,0,0,0,0,0,1
1,11163285,1,2.00,2,1,1,0,0,1,0,0,0,0,1,0,0,0,0,0,0,1
1,11163218,1,6.00,A,A,1,0,0,1,0,0,0,0,1,0,0,0,0,0,0,1
1,11161631,1,4.00,A,A,1,1,0,0,0,0,0,0,1,0,0,0,0,0,0,0
1,11161595,1,4.00,2,1,1,1,0,0,0,0,0,0,1,0,0,0,0,0,0,1
1,11161597,1,2.00,2,1,1,1,0,0,0,0,0,0,1,0,0,0,0,0,0,1
1,11161600,1,6.00,A,A,1,1,0,0,0,0,0,0,1,0,0,0,0,0,0,0
1,11163238,1,4.00,2,1,1,0,0,1,0,0,0,0,1,0,0,0,0,0,0,1
1,11161615,1,6.00,2,1,1,1,0,0,0,0,0,0,1,0,0,0,0,0,0,1
1,11163350,1,2.00,2,1,1,0,0,1,0,0,0,0,1,0,0,0,0,0,0,1
1,11163190,1,2.00,2,1,1,0,0,1,0,0,0,0,1,0,0,0,0,0,0,1
1,11161611,1,4.00,A,A,1,1,0,0,0,0,0,0,1,0,0,0,0,0,0,0
1,11161618,1,4.00,2,1,1,1,0,0,0,0,0,0,1,0,0,0,0,0,0,1
1,11161474,1,4.00,A,A,1,1,0,0,0,0,0,0,1,0,0,0,0,0,0,0
1,11161593,1,4.00,A,A,1,1,0,0,0,0,0,0,1,0,0,0,0,0,0,0
1,11161588,1,4.00,A,A,1,1,0,0,0,0,0,0,1,0,0,0,0,0,0,0
1,11161563,1,2.00,A,A,1,1,0,0,0,0,0,0,1,0,0,0,0,0,0,0
1,11161531,1,6.00,A,A,1,1,0,0,0,0,0,0,1,0,0,0,0,0,0,0
1,11161545,1,2.00,A,A,1,1,0,0,0,0,0,0,1,0,0,0,0,0,0,0
1,11161701,1,2.00,A,A,1,1,0,0,0,0,0,0,1,0,0,0,0,0,0,0
1,11161518,2,16.00,A,A,1,1,0,0,0,0,0,0,1,0,0,0,0,0,0,0
1,11161542,1,6.00,O,O,1,1,0,0,0,0,0,0,1,0,0,0,0,0,0,0
1,11161527,1,4.00,O,O,1,1,0,0,0,0,0,0,1,0,0,0,0,0,0,0
1,11161450,1,4.00,2,1,1,1,0,0,0,0,0,0,1,0,0,0,0,0,0,1
1,11161503,1,2.00,2,1,1,1,0,0,0,0,0,0,1,0,0,0,0,0,0,1
1,11161494,1,4.00,2,1,1,1,0,0,0,0,0,0,1,0,0,0,0,0,0,1
1,11161479,1,2.00,2,1,1,1,0,0,0,0,0,0,1,0,0,0,0,0,0,1
1,11161517,1,6.00,2,1,1,1,0,0,0,0,0,0,1,0,0,0,0,0,0,1
1,11161548,1,2.00,O,O,1,1,0,0,0,0,0,0,1,0,0,0,0,0,0,0
1,11161556,1,4.00,O,O,1,1,0,0,0,0,0,0,1,0,0,0,0,0,0,0
1,11161557,1,6.00,A,A,1,1,0,0,0,0,0,0,1,0,0,0,0,0,0,0
1,11161567,1,4.00,O,O,1,1,0,0,0,0,0,0,1,0,0,0,0,0,0,0
1,11161574,1,4.00,O,O,1,1,0,0,0,0,0,0,1,0,0,0,0,0,0,0
1,11161454,1,2.00,2,1,1,1,0,0,0,0,0,0,1,0,0,0,0,0,0,1
1,11161625,1,4.00,A,A,1,1,0,0,0,0,0,0,1,0,0,0,0,0,0,0
1,11161640,2,16.00,A,A,1,1,0,0,0,0,0,0,1,0,0,0,0,0,0,0
1,11161619,2,16.00,A,A,1,1,0,0,0,0,0,0,1,0,0,0,0,0,0,0
1,11163243,1,2.00,O,O,1,0,0,1,0,0,0,0,1,0,0,0,0,0,0,1
1,11163220,1,2.00,O,O,1,0,0,1,0,0,0,0,1,0,0,0,0,0,0,1
1,11163269,1,4.00,2,1,1,0,0,1,0,0,0,0,1,0,0,0,0,0,0,1
1,11163253,1,4.00,2,1,1,0,0,1,0,0,0,0,1,0,0,0,0,0,0,1
1,11163228,1,6.00,2,1,1,0,0,1,0,0,0,0,1,0,0,0,0,0,0,1
1,11163251,1,8.00,A,A,1,0,0,1,0,0,0,0,0,0,1,0,0,0,0,0
1,11163419,1,8.00,A,A,1,0,0,1,0,0,0,0,0,0,1,0,0,0,0,0
1,11163259,2,16.00,A,A,1,0,0,1,0,0,0,0,0,0,1,0,0,0,0,0
1,11163283,1,2.00,A,A,1,0,0,1,0,0,0,0,0,0,1,0,0,0,0,0
1,11163555,1,2.00,A,A,1,0,0,1,0,0,0,0,0,0,1,0,0,0,0,0
1,11163290,6,48.00,A,A,1,0,0,1,0,0,0,0,0,0,1,0,0,0,0,0
1,11163395,1,6.00,A,A,1,0,0,1,0,0,0,0,0,0,1,0,0,0,0,0
1,11163262,1,2.00,O,O,1,0,0,1,0,0,0,0,0,0,1,0,0,0,0,0
1,11163266,1,2.00,O,O,1,0,0,1,0,0,0,0,0,0,1,0,0,0,0,0
1,11163267,1,2.00,O,O,1,0,0,1,0,0,0,0,0,0,1,0,0,0,0,0
1,11163252,1,8.00,O,O,1,0,0,1,0,0,0,0,0,0,1,0,0,0,0,0
1,11163286,2,16.00,O,O,1,0,0,1,0,0,0,0,0,0,1,0,0,0,0,0
1,11163315,1,2.00,O,O,1,0,0,1,0,0,0,0,0,0,1,0,0,0,0,0
1,11163239,1,2.00,O,O,1,0,0,1,0,0,0,0,0,0,1,0,0,0,0,0
1,11163245,1,4.00,O,O,1,0,0,1,0,0,0,0,0,0,1,0,0,0,0,0
1,11163278,1,2.00,2,1,1,0,0,1,0,0,0,0,0,0,1,0,0,0,0,1
1,11163271,1,2.00,2,1,1,0,0,1,0,0,0,0,0,0,1,0,0,0,0,1
1,11163292,1,4.00,2,1,1,0,0,1,0,0,0,0,0,0,1,0,0,0,0,1
1,11163382,1,2.00,2,1,1,0,0,1,0,0,0,0,0,0,1,0,0,0,0,1
1,11163316,1,2.00,2,1,1,0,0,1,0,0,0,0,0,0,1,0,0,0,0,1
1,11163268,1,2.00,2,1,1,0,0,1,0,0,0,0,0,0,1,0,0,0,0,1
1,11163317,1,2.00,2,1,1,0,0,1,0,0,0,0,0,0,1,0,0,0,0,1
1,11163273,1,2.00,2,1,1,0,0,1,0,0,0,0,0,0,1,0,0,0,0,1
1,11163563,1,6.00,O,O,1,0,0,1,0,0,0,0,0,0,1,0,0,0,0,0
1,11163318,1,2.00,2,1,1,0,0,1,0,0,0,0,0,0,1,0,0,0,0,1
1,11163393,1,4.00,O,O,1,0,0,1,0,0,0,0,0,0,1,0,0,0,0,0
1,11163363,4,32.00,A,A,1,0,0,1,0,0,0,0,0,0,1,0,0,0,0,0
1,11163312,1,8.00,A,A,1,0,0,1,0,0,0,0,0,0,1,0,0,0,0,0
1,11163256,2,16.00,A,A,1,0,0,1,0,0,0,0,0,0,1,0,0,0,0,0
1,11163254,1,4.00,A,A,1,0,0,1,0,0,0,0,0,0,1,0,0,0,0,0
1,11163308,1,8.00,A,A,1,0,0,1,0,0,0,0,0,0,1,0,0,0,0,0
1,11163485,2,16.00,A,A,1,0,0,1,0,0,0,0,0,0,1,0,0,0,0,0
1,11163301,2,16.00,A,A,1,0,0,1,0,0,0,0,0,0,1,0,0,0,0,0
1,11163293,1,6.00,A,A,1,0,0,1,0,0,0,0,0,0,1,0,0,0,0,0
1,11163403,1,4.00,A,A,1,0,0,1,0,0,0,0,0,0,1,0,0,0,0,0
1,11163299,4,32.00,A,A,1,0,0,1,0,0,0,0,0,0,1,0,0,0,0,0
1,11163344,1,4.00,A,A,1,0,0,1,0,0,0,0,0,0,1,0,0,0,0,0
1,11163300,1,2.00,A,A,1,0,0,1,0,0,0,0,0,0,1,0,0,0,0,0
1,11163390,1,4.00,A,A,1,0,0,1,0,0,0,0,0,0,1,0,0,0,0,0
1,11163311,1,4.00,O,O,1,0,0,1,0,0,0,0,0,0,1,0,0,0,0,0
1,11163341,1,6.00,O,O,1,0,0,1,0,0,0,0,0,0,1,0,0,0,0,0
1,11163387,1,2.00,O,O,1,0,0,1,0,0,0,0,0,0,1,0,0,0,0,0
1,11163297,1,2.00,O,O,1,0,0,1,0,0,0,0,0,0,1,0,0,0,0,0
1,11163349,1,4.00,O,O,1,0,0,1,0,0,0,0,0,0,1,0,0,0,0,0
1,11163392,1,4.00,O,O,1,0,0,1,0,0,0,0,0,0,1,0,0,0,0,0
1,11163431,1,4.00,O,O,1,0,0,1,0,0,0,0,0,0,1,0,0,0,0,0
1,11163501,1,4.00,2,1,1,0,0,1,0,0,0,0,0,0,1,0,0,0,0,1
1,11163326,1,2.00,2,1,1,0,0,1,0,0,0,0,0,0,1,0,0,0,0,1
1,11163375,1,4.00,2,1,1,0,0,1,0,0,0,0,0,0,1,0,0,0,0,1
1,11164190,1,4.00,2,1,1,0,0,0,1,0,0,0,0,0,1,0,0,0,0,1
1,11164126,1,2.00,2,1,1,0,0,0,1,0,0,0,0,0,1,0,0,0,0,1
1,11164125,1,2.00,2,1,1,0,0,0,1,0,0,0,0,0,1,0,0,0,0,1
1,11164127,1,2.00,2,1,1,0,0,0,1,0,0,0,0,0,1,0,0,0,0,1
1,11164116,1,2.00,2,1,1,0,0,0,1,0,0,0,0,0,1,0,0,0,0,1
1,11164216,1,8.00,2,1,1,0,0,0,1,0,0,0,0,0,1,0,0,0,0,1
1,11164188,1,4.00,2,1,1,0,0,0,1,0,0,0,0,0,1,0,0,0,0,1
1,11164132,1,4.00,2,1,1,0,0,0,1,0,0,0,0,0,1,0,0,0,0,1
1,11164107,1,6.00,2,1,1,0,0,0,1,0,0,0,0,0,1,0,0,0,0,1
1,11164223,1,2.00,2,1,1,0,0,0,1,0,0,0,0,0,1,0,0,0,0,1
1,11164215,1,6.00,2,1,1,0,0,0,1,0,0,0,0,0,1,0,0,0,0,1
1,11164326,1,2.00,2,1,1,0,0,0,1,0,0,0,0,0,1,0,0,0,0,1
1,11161483,1,4.00,2,1,1,1,0,0,0,0,0,0,0,0,1,0,0,0,0,1
1,11161500,1,4.00,2,1,1,1,0,0,0,0,0,0,0,0,1,0,0,0,0,1
1,11164207,1,2.00,2,1,1,0,0,0,1,0,0,0,0,0,1,0,0,0,0,1
1,11163339,1,4.00,A,A,1,0,0,1,0,0,0,0,0,0,1,0,0,0,0,0
1,11163556,2,16.00,A,A,1,0,0,1,0,0,0,0,0,0,1,0,0,0,0,0
1,11161478,1,2.00,2,1,1,1,0,0,0,0,0,0,0,0,0,1,0,0,0,1
1,11161462,1,2.00,2,1,1,1,0,0,0,0,0,0,0,0,0,1,0,0,0,1
1,11161435,1,4.00,2,1,1,1,0,0,0,0,0,0,0,0,0,1,0,0,0,1
1,11161476,1,8.00,2,1,1,1,0,0,0,0,0,0,0,0,0,1,0,0,0,1
1,11161463,1,4.00,2,1,1,1,0,0,0,0,0,0,0,0,0,1,0,0,0,1
1,11161477,1,2.00,2,1,1,1,0,0,0,0,0,0,0,0,0,1,0,0,0,1
1,11161468,1,2.00,2,1,1,1,0,0,0,0,0,0,0,0,0,1,0,0,0,1
1,11164156,1,4.00,A,A,1,0,0,0,1,0,0,0,0,0,0,1,0,0,0,0
1,11164155,1,2.00,A,A,1,0,0,0,1,0,0,0,0,0,0,1,0,0,0,0
1,11164170,1,6.00,A,A,1,0,0,0,1,0,0,0,0,0,0,1,0,0,0,0
1,11164160,1,6.00,A,A,1,0,0,0,1,0,0,0,0,0,0,1,0,0,0,0
1,11164166,1,6.00,A,A,1,0,0,0,1,0,0,0,0,0,0,1,0,0,0,0
1,11161488,1,8.00,A,A,1,1,0,0,0,0,0,0,0,0,0,1,0,0,0,1
1,11161486,1,8.00,O,O,1,1,0,0,0,0,0,0,0,0,0,1,0,0,0,1
1,11161490,1,6.00,O,O,1,1,0,0,0,0,0,0,0,0,0,1,0,0,0,1
1,11161434,1,4.00,O,O,1,1,0,0,0,0,0,0,0,0,0,1,0,0,0,1
1,11161430,1,4.00,O,O,1,1,0,0,0,0,0,0,0,0,0,1,0,0,0,1
1,11161433,1,4.00,O,O,1,1,0,0,0,0,0,0,0,0,0,1,0,0,0,1
1,11164161,1,4.00,O,O,1,0,0,0,1,0,0,0,0,0,0,1,0,0,0,0
1,11164157,1,6.00,O,O,1,0,0,0,1,0,0,0,0,0,0,1,0,0,0,0
1,11161466,1,8.00,2,1,1,1,0,0,0,0,0,0,0,0,0,1,0,0,0,1
1,11161465,1,6.00,2,1,1,1,0,0,0,0,0,0,0,0,0,1,0,0,0,1
1,11161441,1,4.00,2,1,1,1,0,0,0,0,0,0,0,0,0,1,0,0,0,1
1,11161471,1,2.00,2,1,1,1,0,0,0,0,0,0,0,0,0,1,0,0,0,1
1,11161428,1,2.00,2,1,1,1,0,0,0,0,0,0,0,0,0,1,0,0,0,1
1,11161442,1,4.00,2,1,1,1,0,0,0,0,0,0,0,0,0,1,0,0,0,1
1,11161429,1,4.00,2,1,1,1,0,0,0,0,0,0,0,0,0,1,0,0,0,1
1,11161470,1,2.00,2,1,1,1,0,0,0,0,0,0,0,0,0,1,0,0,0,1
1,11161443,1,2.00,2,1,1,1,0,0,0,0,0,0,0,0,0,1,0,0,0,1
1,11161444,1,4.00,2,1,1,1,0,0,0,0,0,0,0,0,0,1,0,0,0,1
1,11164276,1,2.00,A,A,1,0,0,0,1,0,0,0,0,0,0,1,0,0,0,0
1,11164497,1,4.00,A,A,1,0,0,0,1,0,0,0,0,0,0,1,0,0,0,0
1,11164235,1,6.00,A,A,1,0,0,0,1,0,0,0,0,0,0,1,0,0,0,0
1,11164248,1,4.00,A,A,1,0,0,0,1,0,0,0,0,0,0,1,0,0,0,0
1,11164268,1,6.00,A,A,1,0,0,0,1,0,0,0,0,0,0,1,0,0,0,0
1,11162360,1,8.00,A,A,1,0,0,0,1,0,0,0,0,0,0,1,0,0,0,0
1,11162336,2,12.00,A,A,1,0,0,0,1,0,0,0,0,0,0,1,0,0,0,0
1,11164278,1,4.00,A,A,1,0,0,0,1,0,0,0,0,0,0,1,0,0,0,0
1,11164338,1,2.00,A,A,1,0,0,0,1,0,0,0,0,0,0,1,0,0,0,0
1,11164232,1,6.00,A,A,1,0,0,0,1,0,0,0,0,0,0,1,0,0,0,0
1,11164293,1,2.00,A,A,1,0,0,0,1,0,0,0,0,0,0,1,0,0,0,0
1,11164242,1,6.00,A,A,1,0,0,0,1,0,0,0,0,0,0,1,0,0,0,0
1,11164274,4,8.00,A,A,1,0,0,0,1,0,0,0,0,0,0,1,0,0,0,0
1,11164285,1,6.00,A,A,1,0,0,0,1,0,0,0,0,0,0,1,0,0,0,0
1,11164196,1,2.00,2,1,1,0,0,0,1,0,0,0,0,0,0,1,0,0,0,1
1,11164218,1,6.00,2,1,1,0,0,0,1,0,0,0,0,0,0,1,0,0,0,1
1,11164197,1,2.00,2,1,1,0,0,0,1,0,0,0,0,0,0,1,0,0,0,1
1,11164191,1,4.00,2,1,1,0,0,0,1,0,0,0,0,0,0,1,0,0,0,1
1,11164330,1,4.00,2,1,1,0,0,0,1,0,0,0,0,0,0,1,0,0,0,1
1,11164224,1,2.00,2,1,1,0,0,0,1,0,0,0,0,0,0,1,0,0,0,1
1,11164202,1,4.00,O,O,1,0,0,0,1,0,0,0,0,0,0,1,0,0,0,0
1,11164211,1,2.00,O,O,1,0,0,0,1,0,0,0,0,0,0,1,0,0,0,0
1,11164220,1,2.00,O,O,1,0,0,0,1,0,0,0,0,0,0,1,0,0,0,0
1,11164209,1,2.00,O,O,1,0,0,0,1,0,0,0,0,0,0,1,0,0,0,0
1,11164241,1,2.00,O,O,1,0,0,0,1,0,0,0,0,0,0,1,0,0,0,0
1,11164205,1,4.00,2,1,1,0,0,0,1,0,0,0,0,0,0,1,0,0,0,1
1,11164434,1,2.00,2,1,1,0,0,0,1,0,0,0,0,0,0,1,0,0,0,1
1,11164308,1,2.00,2,1,1,0,0,0,1,0,0,0,0,0,0,1,0,0,0,1
1,11164250,1,6.00,2,1,1,0,0,0,1,0,0,0,0,0,0,1,0,0,0,1
1,11161508,1,4.00,A,A,1,1,0,0,0,0,0,0,0,0,0,1,0,0,0,1
1,11161511,1,2.00,2,1,1,1,0,0,0,0,0,0,0,0,0,1,0,0,0,1
1,11161515,1,2.00,2,1,1,1,0,0,0,0,0,0,0,0,0,1,0,0,0,1
1,11161897,1,2.00,2,1,1,1,0,0,0,0,0,0,0,0,0,1,0,0,0,1
1,11161506,1,4.00,O,O,1,1,0,0,0,0,0,0,0,0,0,1,0,0,0,1
1,11161505,1,2.00,O,O,1,1,0,0,0,0,0,0,0,0,0,1,0,0,0,1
1,11161538,1,4.00,O,O,1,1,0,0,0,0,0,0,0,0,0,1,0,0,0,1
1,11161521,1,4.00,O,O,1,1,0,0,0,0,0,0,0,0,0,1,0,0,0,1
1,11161498,1,2.00,2,1,1,1,0,0,0,0,0,0,0,0,0,1,0,0,0,1
1,11161507,1,2.00,2,1,1,1,0,0,0,0,0,0,0,0,0,1,0,0,0,1
1,11161654,1,4.00,2,1,1,1,0,0,0,0,0,0,0,0,0,1,0,0,0,1
1,11161497,1,2.00,2,1,1,1,0,0,0,0,0,0,0,0,0,1,0,0,0,1
1,11161513,1,2.00,2,1,1,1,0,0,0,0,0,0,0,0,0,1,0,0,0,1
2,11161625,1,4.00,A,A,1,1,0,0,0,0,0,0,1,0,0,0,0,0,0,0
2,11161640,2,16.00,A,A,1,1,0,0,0,0,0,0,1,0,0,0,0,0,0,0
2,11161619,2,16.00,A,A,1,1,0,0,0,0,0,0,1,0,0,0,0,0,0,0
2,11163217,1,6.00,O,E,1,0,0,1,0,0,0,0,1,0,0,0,0,0,0,1
2,11163218,1,6.00,A,A,1,0,0,1,0,0,0,0,1,0,0,0,0,0,0,1
2,11163361,1,6.00,A,A,1,0,0,1,0,0,0,0,1,0,0,0,0,0,0,1
2,11163229,1,2.00,A,A,1,0,0,1,0,0,0,0,1,0,0,0,0,0,0,1
2,11163202,1,8.00,A,A,1,0,0,1,0,0,0,0,1,0,0,0,0,0,0,1
2,11163210,10,20.00,A,A,1,0,0,1,0,0,0,0,1,0,0,0,0,0,0,1
2,11163208,3,24.00,A,A,1,0,0,1,0,0,0,0,1,0,0,0,0,0,0,1
2,11163222,1,4.00,A,A,1,0,0,1,0,0,0,0,1,0,0,0,0,0,0,1
2,11163233,1,8.00,A,A,1,0,0,1,0,0,0,0,1,0,0,0,0,0,0,1
2,11163460,1,6.00,A,A,1,0,0,1,0,0,0,0,1,0,0,0,0,0,0,1
2,11163224,1,4.00,A,A,1,0,0,1,0,0,0,0,1,0,0,0,0,0,0,1
2,11163331,1,4.00,A,A,1,0,0,1,0,0,0,0,1,0,0,0,0,0,0,1
2,11163230,1,8.00,A,A,1,0,0,1,0,0,0,0,1,0,0,0,0,0,0,1
2,11163246,1,4.00,A,A,1,0,0,1,0,0,0,0,1,0,0,0,0,0,0,1
2,11163236,1,8.00,A,A,1,0,0,1,0,0,0,0,1,0,0,0,0,0,0,1
2,11163332,1,4.00,A,A,1,0,0,1,0,0,0,0,1,0,0,0,0,0,0,1
2,11163373,1,2.00,A,A,1,0,0,1,0,0,0,0,1,0,0,0,0,0,0,1
2,11163199,1,4.00,A,A,1,0,0,1,0,0,0,0,1,0,0,0,0,0,0,1
2,11163200,1,6.00,A,A,1,0,0,1,0,0,0,0,1,0,0,0,0,0,0,1
2,11163184,1,4.00,A,A,1,0,0,1,0,0,0,0,1,0,0,0,0,0,0,1
2,11163187,1,2.00,A,A,1,0,0,1,0,0,0,0,1,0,0,0,0,0,0,1
2,11163383,1,4.00,A,A,1,0,0,1,0,0,0,0,1,0,0,0,0,0,0,1
2,11163280,1,8.00,A,A,1,0,0,1,0,0,0,0,1,0,0,0,0,0,0,1
2,11163193,1,8.00,A,A,1,0,0,1,0,0,0,0,1,0,0,0,0,0,0,1
2,11163194,1,6.00,A,A,1,0,0,1,0,0,0,0,1,0,0,0,0,0,0,1
2,11163277,2,8.00,A,A,1,0,0,1,0,0,0,0,1,0,0,0,0,0,0,1
2,11163276,1,6.00,A,A,1,0,0,1,0,0,0,0,1,0,0,0,0,0,0,1
2,11163261,4,32.00,A,A,1,0,0,1,0,0,0,0,1,0,0,0,0,0,0,1
2,11163209,1,6.00,A,A,1,0,0,1,0,0,0,0,1,0,0,0,0,0,0,1
2,11163197,1,4.00,O,E,1,0,0,1,0,0,0,0,1,0,0,0,0,0,0,1
2,11163215,1,6.00,O,E,1,0,0,1,0,0,0,0,1,0,0,0,0,0,0,1
2,11163201,1,4.00,O,E,1,0,0,1,0,0,0,0,1,0,0,0,0,0,0,1
2,11163213,1,2.00,O,E,1,0,0,1,0,0,0,0,1,0,0,0,0,0,0,1
2,11163221,1,4.00,O,E,1,0,0,1,0,0,0,0,1,0,0,0,0,0,0,1
2,11163203,1,8.00,O,E,1,0,0,1,0,0,0,0,1,0,0,0,0,0,0,1
2,11163211,1,4.00,O,E,1,0,0,1,0,0,0,0,1,0,0,0,0,0,0,1
2,11163494,1,4.00,O,E,1,0,0,1,0,0,0,0,1,0,0,0,0,0,0,1
2,11163237,1,4.00,O,E,1,0,0,1,0,0,0,0,1,0,0,0,0,0,0,1
2,11161585,1,6.00,2,2,1,1,0,0,0,0,0,0,1,0,0,0,0,0,0,0
2,11161570,1,6.00,2,2,1,1,0,0,0,0,0,0,1,0,0,0,0,0,0,0
2,11161575,1,4.00,2,2,1,1,0,0,0,0,0,0,1,0,0,0,0,0,0,0
2,11161531,1,6.00,A,A,1,1,0,0,0,0,0,0,1,0,0,0,0,0,0,0
2,11161593,1,4.00,A,A,1,1,0,0,0,0,0,0,1,0,0,0,0,0,0,0
2,11161588,1,4.00,A,A,1,1,0,0,0,0,0,0,1,0,0,0,0,0,0,0
2,11161563,1,2.00,A,A,1,1,0,0,0,0,0,0,1,0,0,0,0,0,0,0
2,11161545,1,2.00,A,A,1,1,0,0,0,0,0,0,1,0,0,0,0,0,0,0
2,11161474,1,4.00,A,A,1,1,0,0,0,0,0,0,1,0,0,0,0,0,0,0
2,11161701,1,2.00,A,A,1,1,0,0,0,0,0,0,1,0,0,0,0,0,0,0
2,11161518,2,16.00,A,A,1,1,0,0,0,0,0,0,1,0,0,0,0,0,0,0
2,11161544,1,2.00,O,E,1,1,0,0,0,0,0,0,1,0,0,0,0,0,0,1
2,11161561,1,6.00,O,E,1,1,0,0,0,0,0,0,1,0,0,0,0,0,0,1
2,11161491,1,4.00,O,E,1,1,0,0,0,0,0,0,1,0,0,0,0,0,0,1
2,11161562,1,2.00,2,2,1,1,0,0,0,0,0,0,1,0,0,0,0,0,0,0
2,11161557,1,6.00,A,A,1,1,0,0,0,0,0,0,1,0,0,0,0,0,0,0
2,11161631,1,4.00,A,A,1,1,0,0,0,0,0,0,1,0,0,0,0,0,0,0
2,11161629,1,4.00,O,E,1,1,0,0,0,0,0,0,1,0,0,0,0,0,0,1
2,11161586,1,2.00,2,2,1,1,0,0,0,0,0,0,1,0,0,0,0,0,0,0
2,11161611,1,4.00,A,A,1,1,0,0,0,0,0,0,1,0,0,0,0,0,0,0
2,11161600,1,6.00,A,A,1,1,0,0,0,0,0,0,1,0,0,0,0,0,0,0
2,11161601,2,12.00,O,E,1,1,0,0,0,0,0,0,1,0,0,0,0,0,0,1
2,11161606,1,4.00,O,E,1,1,0,0,0,0,0,0,1,0,0,0,0,0,0,1
2,11161602,1,4.00,2,2,1,1,0,0,0,0,0,0,1,0,0,0,0,0,0,0
2,11161592,1,4.00,2,2,1,1,0,0,0,0,0,0,1,0,0,0,0,0,0,0
2,11161590,1,4.00,2,2,1,1,0,0,0,0,0,0,1,0,0,0,0,0,0,0
2,11161617,1,2.00,2,2,1,1,0,0,0,0,0,0,1,0,0,0,0,0,0,0
2,11161502,1,2.00,2,2,1,1,0,0,0,0,0,0,0,0,1,0,0,0,0,1
2,11163556,2,16.00,A,A,1,0,0,1,0,0,0,0,0,0,1,0,0,0,0,0
2,11163339,1,4.00,A,A,1,0,0,1,0,0,0,0,0,0,1,0,0,0,0,0
2,11163340,1,4.00,O,E,1,0,0,1,0,0,0,0,0,0,1,0,0,0,0,1
2,11163333,1,4.00,2,2,1,0,0,1,0,0,0,0,0,0,1,0,0,0,0,0
2,11163298,1,2.00,2,2,1,0,0,1,0,0,0,0,0,0,1,0,0,0,0,0
2,11163403,1,4.00,A,A,1,0,0,1,0,0,0,0,0,0,1,0,0,0,0,0
2,11163256,2,16.00,A,A,1,0,0,1,0,0,0,0,0,0,1,0,0,0,0,0
2,11163254,1,4.00,A,A,1,0,0,1,0,0,0,0,0,0,1,0,0,0,0,0
2,11163308,1,8.00,A,A,1,0,0,1,0,0,0,0,0,0,1,0,0,0,0,0
2,11163485,2,16.00,A,A,1,0,0,1,0,0,0,0,0,0,1,0,0,0,0,0
2,11163301,2,16.00,A,A,1,0,0,1,0,0,0,0,0,0,1,0,0,0,0,0
2,11163293,1,6.00,A,A,1,0,0,1,0,0,0,0,0,0,1,0,0,0,0,0
2,11163299,4,32.00,A,A,1,0,0,1,0,0,0,0,0,0,1,0,0,0,0,0
2,11163344,1,4.00,A,A,1,0,0,1,0,0,0,0,0,0,1,0,0,0,0,0
2,11163300,1,2.00,A,A,1,0,0,1,0,0,0,0,0,0,1,0,0,0,0,0
2,11163390,1,4.00,A,A,1,0,0,1,0,0,0,0,0,0,1,0,0,0,0,0
2,11163370,1,4.00,O,E,1,0,0,1,0,0,0,0,0,0,1,0,0,0,0,1
2,11163360,1,4.00,O,E,1,0,0,1,0,0,0,0,0,0,1,0,0,0,0,1
2,11163247,1,2.00,O,E,1,0,0,1,0,0,0,0,0,0,1,0,0,0,0,1
2,11163365,1,4.00,O,E,1,0,0,1,0,0,0,0,0,0,1,0,0,0,0,1
2,11163357,1,2.00,O,E,1,0,0,1,0,0,0,0,0,0,1,0,0,0,0,1
2,11163240,1,2.00,2,2,1,0,0,1,0,0,0,0,0,0,1,0,0,0,0,0
2,11163270,1,4.00,2,2,1,0,0,1,0,0,0,0,0,0,1,0,0,0,0,0
2,11163260,1,2.00,2,2,1,0,0,1,0,0,0,0,0,0,1,0,0,0,0,0
2,11163320,1,2.00,2,2,1,0,0,1,0,0,0,0,0,0,1,0,0,0,0,0
2,11163257,1,4.00,2,2,1,0,0,1,0,0,0,0,0,0,1,0,0,0,0,0
2,11163250,1,4.00,2,2,1,0,0,1,0,0,0,0,0,0,1,0,0,0,0,0
2,11163274,1,8.00,2,2,1,0,0,1,0,0,0,0,0,0,1,0,0,0,0,0
2,11163226,1,4.00,2,2,1,0,0,1,0,0,0,0,0,0,1,0,0,0,0,0
2,11163405,1,6.00,2,2,1,0,0,1,0,0,0,0,0,0,1,0,0,0,0,0
2,11163555,1,2.00,A,A,1,0,0,1,0,0,0,0,0,0,1,0,0,0,0,0
2,11163419,1,8.00,A,A,1,0,0,1,0,0,0,0,0,0,1,0,0,0,0,0
2,11163251,1,8.00,A,A,1,0,0,1,0,0,0,0,0,0,1,0,0,0,0,0
2,11163259,2,16.00,A,A,1,0,0,1,0,0,0,0,0,0,1,0,0,0,0,0
2,11163283,1,2.00,A,A,1,0,0,1,0,0,0,0,0,0,1,0,0,0,0,0
2,11163290,6,48.00,A,A,1,0,0,1,0,0,0,0,0,0,1,0,0,0,0,0
2,11163395,1,6.00,A,A,1,0,0,1,0,0,0,0,0,0,1,0,0,0,0,0
2,11163305,1,4.00,O,E,1,0,0,1,0,0,0,0,0,0,1,0,0,0,0,1
2,11163363,4,32.00,A,A,1,0,0,1,0,0,0,0,0,0,1,0,0,0,0,0
2,11163477,1,4.00,2,2,1,0,0,1,0,0,0,0,0,0,1,0,0,0,0,0
2,11163396,1,6.00,E,E,1,0,0,1,0,0,0,0,0,0,1,0,0,0,0,0
2,11161580,1,4.00,O,E,1,1,0,0,0,0,0,0,0,0,1,0,0,0,0,1
2,11161616,1,4.00,2,2,1,1,0,0,0,0,0,0,0,0,1,0,0,0,0,1
2,11161626,1,2.00,2,2,1,1,0,0,0,0,0,0,0,0,1,0,0,0,0,1
2,11161682,1,2.00,2,2,1,1,0,0,0,0,0,0,0,0,1,0,0,0,0,1
2,11161577,1,2.00,2,2,1,1,0,0,0,0,0,0,0,0,1,0,0,0,0,1
2,11161576,1,2.00,2,2,1,1,0,0,0,0,0,0,0,0,1,0,0,0,0,1
2,11163359,1,2.00,2,2,1,0,0,1,0,0,0,0,0,0,1,0,0,0,0,0
2,11161566,1,6.00,2,2,1,1,0,0,0,0,0,0,0,0,1,0,0,0,0,1
2,11163345,1,2.00,E,E,1,0,0,1,0,0,0,0,0,0,1,0,0,0,0,0
2,11163312,1,8.00,A,A,1,0,0,1,0,0,0,0,0,0,1,0,0,0,0,0
2,11163306,1,4.00,2,2,1,0,0,1,0,0,0,0,0,0,1,0,0,0,0,0
2,11163321,1,4.00,2,2,1,0,0,1,0,0,0,0,0,0,1,0,0,0,0,0
2,11163288,1,4.00,2,2,1,0,0,1,0,0,0,0,0,0,1,0,0,0,0,0
2,11163282,1,2.00,2,2,1,0,0,1,0,0,0,0,0,0,1,0,0,0,0,0
2,11163279,1,4.00,2,2,1,0,0,1,0,0,0,0,0,0,1,0,0,0,0,0
2,11163313,1,4.00,2,2,1,0,0,1,0,0,0,0,0,0,1,0,0,0,0,0
2,11163281,1,6.00,2,2,1,0,0,1,0,0,0,0,0,0,1,0,0,0,0,0
2,11163289,1,4.00,2,2,1,0,0,1,0,0,0,0,0,0,1,0,0,0,0,0
2,11163284,1,4.00,2,2,1,0,0,1,0,0,0,0,0,0,1,0,0,0,0,0
2,11163275,1,6.00,E,E,1,0,0,1,0,0,0,0,0,0,1,0,0,0,0,0
2,11161550,1,2.00,2,2,1,1,0,0,0,0,0,0,0,0,1,0,0,0,0,1
2,11163348,1,6.00,E,E,1,0,0,1,0,0,0,0,0,0,1,0,0,0,0,0
2,11163347,1,4.00,2,2,1,0,0,1,0,0,0,0,0,0,1,0,0,0,0,0
2,11164276,1,2.00,A,A,1,0,0,0,1,0,0,0,0,0,0,1,0,0,0,0
2,11164497,1,4.00,A,A,1,0,0,0,1,0,0,0,0,0,0,1,0,0,0,0
2,11164235,1,6.00,A,A,1,0,0,0,1,0,0,0,0,0,0,1,0,0,0,0
2,11164248,1,4.00,A,A,1,0,0,0,1,0,0,0,0,0,0,1,0,0,0,0
2,11164268,1,6.00,A,A,1,0,0,0,1,0,0,0,0,0,0,1,0,0,0,0
2,11162360,1,8.00,A,A,1,0,0,0,1,0,0,0,0,0,0,1,0,0,0,0
2,11162336,2,12.00,A,A,1,0,0,0,1,0,0,0,0,0,0,1,0,0,0,0
2,11164278,1,4.00,A,A,1,0,0,0,1,0,0,0,0,0,0,1,0,0,0,0
2,11164338,1,2.00,A,A,1,0,0,0,1,0,0,0,0,0,0,1,0,0,0,0
2,11164232,1,6.00,A,A,1,0,0,0,1,0,0,0,0,0,0,1,0,0,0,0
2,11164293,1,2.00,A,A,1,0,0,0,1,0,0,0,0,0,0,1,0,0,0,0
2,11164242,1,6.00,A,A,1,0,0,0,1,0,0,0,0,0,0,1,0,0,0,0
2,11164274,4,8.00,A,A,1,0,0,0,1,0,0,0,0,0,0,1,0,0,0,0
2,11164336,1,2.00,O,E,1,0,0,0,1,0,0,0,0,0,0,1,0,0,0,1
2,11164280,1,4.00,O,E,1,0,0,0,1,0,0,0,0,0,0,1,0,0,0,1
2,11164237,1,2.00,O,E,1,0,0,0,1,0,0,0,0,0,0,1,0,0,0,1
2,11164425,1,4.00,O,E,1,0,0,0,1,0,0,0,0,0,0,1,0,0,0,1
2,11164257,1,8.00,O,E,1,0,0,0,1,0,0,0,0,0,0,1,0,0,0,1
2,11164243,1,8.00,O,E,1,0,0,0,1,0,0,0,0,0,0,1,0,0,0,1
2,11164265,1,6.00,O,E,1,0,0,0,1,0,0,0,0,0,0,1,0,0,0,1
2,11164283,1,8.00,O,E,1,0,0,0,1,0,0,0,0,0,0,1,0,0,0,1
2,11164233,1,8.00,O,E,1,0,0,0,1,0,0,0,0,0,0,1,0,0,0,1
2,11164258,1,6.00,O,E,1,0,0,0,1,0,0,0,0,0,0,1,0,0,0,1
2,11164445,1,6.00,2,2,1,0,0,0,1,0,0,0,0,0,0,1,0,0,0,0
2,11164366,1,6.00,2,2,1,0,0,0,1,0,0,0,0,0,0,1,0,0,0,0
2,11161495,1,4.00,2,2,1,1,0,0,0,0,0,0,0,0,0,1,0,0,0,1
2,11161532,1,6.00,O,E,1,1,0,0,0,0,0,0,0,0,0,1,0,0,0,1
2,11161569,1,4.00,O,E,1,1,0,0,0,0,0,0,0,0,0,1,0,0,0,1
2,11161448,1,6.00,O,E,1,1,0,0,0,0,0,0,0,0,0,1,0,0,0,1
2,11161446,1,4.00,2,2,1,1,0,0,0,0,0,0,0,0,0,1,0,0,0,1
2,11161445,1,4.00,2,2,1,1,0,0,0,0,0,0,0,0,0,1,0,0,0,1
2,11161552,1,2.00,2,2,1,1,0,0,0,0,0,0,0,0,0,1,0,0,0,1
2,11161487,1,4.00,2,2,1,1,0,0,0,0,0,0,0,0,0,1,0,0,0,1
2,11161475,1,4.00,2,2,1,1,0,0,0,0,0,0,0,0,0,1,0,0,0,1
2,11161553,1,6.00,2,2,1,1,0,0,0,0,0,0,0,0,0,1,0,0,0,1
2,11164214,1,2.00,2,2,1,0,0,0,1,0,0,0,0,0,0,1,0,0,0,0
2,11164206,1,2.00,2,2,1,0,0,0,1,0,0,0,0,0,0,1,0,0,0,0
2,11164246,1,2.00,2,2,1,0,0,0,1,0,0,0,0,0,0,1,0,0,0,0
2,11164198,1,2.00,2,2,1,0,0,0,1,0,0,0,0,0,0,1,0,0,0,0
2,11164212,1,2.00,2,2,1,0,0,0,1,0,0,0,0,0,0,1,0,0,0,0
2,11164189,1,2.00,2,2,1,0,0,0,1,0,0,0,0,0,0,1,0,0,0,0
2,11164187,1,2.00,2,2,1,0,0,0,1,0,0,0,0,0,0,1,0,0,0,0
2,11164203,1,2.00,O,E,1,0,0,0,1,0,0,0,0,0,0,1,0,0,0,1
2,11164255,1,4.00,2,2,1,0,0,0,1,0,0,0,0,0,0,1,0,0,0,0
2,11164317,1,4.00,2,2,1,0,0,0,1,0,0,0,0,0,0,1,0,0,0,0
2,11164167,1,2.00,2,2,1,0,0,0,1,0,0,0,0,0,0,1,0,0,0,0
2,11164285,1,6.00,A,A,1,0,0,0,1,0,0,0,0,0,0,1,0,0,0,0
2,11164156,1,4.00,A,A,1,0,0,0,1,0,0,0,0,0,0,1,0,0,0,0
2,11164155,1,2.00,A,A,1,0,0,0,1,0,0,0,0,0,0,1,0,0,0,0
2,11164170,1,6.00,A,A,1,0,0,0,1,0,0,0,0,0,0,1,0,0,0,0
2,11164160,1,6.00,A,A,1,0,0,0,1,0,0,0,0,0,0,1,0,0,0,0
2,11164166,1,6.00,A,A,1,0,0,0,1,0,0,0,0,0,0,1,0,0,0,0
2,11161488,1,8.00,A,A,1,1,0,0,0,0,0,0,0,0,0,1,0,0,0,1
2,11164093,1,2.00,O,E,1,0,0,0,1,0,0,0,0,0,0,1,0,0,0,1
2,11164328,1,4.00,O,E,1,0,0,0,1,0,0,0,0,0,0,1,0,0,0,1
2,11164323,1,4.00,O,E,1,0,0,0,1,0,0,0,0,0,0,1,0,0,0,1
2,11164173,1,2.00,O,E,1,0,0,0,1,0,0,0,0,0,0,1,0,0,0,1
2,11164141,1,4.00,O,E,1,0,0,0,1,0,0,0,0,0,0,1,0,0,0,1
2,11164178,1,2.00,O,E,1,0,0,0,1,0,0,0,0,0,0,1,0,0,0,1
2,11164152,1,6.00,O,E,1,0,0,0,1,0,0,0,0,0,0,1,0,0,0,1
2,11164149,1,4.00,O,E,1,0,0,0,1,0,0,0,0,0,0,1,0,0,0,1
2,11164163,1,2.00,O,E,1,0,0,0,1,0,0,0,0,0,0,1,0,0,0,1
2,11164168,1,4.00,O,E,1,0,0,0,1,0,0,0,0,0,0,1,0,0,0,1
2,11164194,1,8.00,2,2,1,0,0,0,1,0,0,0,0,0,0,1,0,0,0,0
2,11164172,1,4.00,2,2,1,0,0,0,1,0,0,0,0,0,0,1,0,0,0,0
2,11164174,1,4.00,2,2,1,0,0,0,1,0,0,0,0,0,0,1,0,0,0,0
2,11164154,1,4.00,2,2,1,0,0,0,1,0,0,0,0,0,0,1,0,0,0,0
2,11164165,1,2.00,2,2,1,0,0,0,1,0,0,0,0,0,0,1,0,0,0,0
2,11164148,1,2.00,2,2,1,0,0,0,1,0,0,0,0,0,0,1,0,0,0,0
2,11164142,1,4.00,2,2,1,0,0,0,1,0,0,0,0,0,0,1,0,0,0,0
2,11164134,1,2.00,2,2,1,0,0,0,1,0,0,0,0,0,0,1,0,0,0,0
2,11164162,1,4.00,2,2,1,0,0,0,1,0,0,0,0,0,0,1,0,0,0,0
2,11164164,1,2.00,2,2,1,0,0,0,1,0,0,0,0,0,0,1,0,0,0,0
2,11164260,1,2.00,2,2,1,0,0,0,1,0,0,0,0,0,0,1,0,0,0,0
2,11164281,1,2.00,2,2,1,0,0,0,1,0,0,0,0,0,0,1,0,0,0,0
2,11164284,1,2.00,O,E,1,0,0,0,1,0,0,0,0,0,0,1,0,0,0,1
2,11164251,1,4.00,2,2,1,0,0,0,1,0,0,0,0,0,0,1,0,0,0,0
2,11164244,1,2.00,2,2,1,0,0,0,1,0,0,0,0,0,0,1,0,0,0,0
2,11164221,1,2.00,O,E,1,0,0,0,1,0,0,0,0,0,0,1,0,0,0,1
2,11164270,1,6.00,O,E,1,0,0,0,1,0,0,0,0,0,0,1,0,0,0,1
2,11164325,1,2.00,E,E,1,0,0,0,1,0,0,0,0,0,0,1,0,0,0,0
2,11164300,1,6.00,2,2,1,0,0,0,1,0,0,0,0,0,0,1,0,0,0,0
2,11164240,1,6.00,2,2,1,0,0,0,1,0,0,0,0,0,0,1,0,0,0,0
2,11164269,1,6.00,2,2,1,0,0,0,1,0,0,0,0,0,0,1,0,0,0,0
2,11164286,1,2.00,2,2,1,0,0,0,1,0,0,0,0,0,0,1,0,0,0,0
2,11161564,1,4.00,O,E,1,1,0,0,0,0,0,0,0,0,0,1,0,0,0,1
2,11161633,1,2.00,2,2,1,1,0,0,0,0,0,0,0,0,0,1,0,0,0,1
2,11161540,1,2.00,O,E,1,1,0,0,0,0,0,0,0,0,0,1,0,0,0,1
2,11161522,1,8.00,O,E,1,1,0,0,0,0,0,0,0,0,0,1,0,0,0,1
2,11161528,1,2.00,2,2,1,1,0,0,0,0,0,0,0,0,0,1,0,0,0,1
2,11161514,1,2.00,2,2,1,1,0,0,0,0,0,0,0,0,0,1,0,0,0,1
2,11161525,1,6.00,2,2,1,1,0,0,0,0,0,0,0,0,0,1,0,0,0,1
2,11161524,1,4.00,2,2,1,1,0,0,0,0,0,0,0,0,0,1,0,0,0,1
2,11161555,1,2.00,2,2,1,1,0,0,0,0,0,0,0,0,0,1,0,0,0,1
2,11161546,1,2.00,2,2,1,1,0,0,0,0,0,0,0,0,0,1,0,0,0,1
2,11161539,1,4.00,2,2,1,1,0,0,0,0,0,0,0,0,0,1,0,0,0,1
2,11161537,1,6.00,2,2,1,1,0,0,0,0,0,0,0,0,0,1,0,0,0,1
2,11161536,1,2.00,2,2,1,1,0,0,0,0,0,0,0,0,0,1,0,0,0,1
2,11161560,1,4.00,2,2,1,1,0,0,0,0,0,0,0,0,0,1,0,0,0,1
2,11161508,1,4.00,A,A,1,1,0,0,0,0,0,0,0,0,0,1,0,0,0,1
2,11164231,1,2.00,O,E,1,0,0,0,1,0,0,0,0,0,0,1,0,0,0,1
2,11164254,1,2.00,O,E,1,0,0,0,1,0,0,0,0,0,0,1,0,0,0,1
2,11164135,1,4.00,O,E,1,0,0,0,1,0,0,0,0,0,0,1,0,0,0,1
3,11161635,1,4.00,2,3,1,1,0,0,0,0,0,0,1,0,0,0,0,0,0,1
3,11161600,1,6.00,A,A,1,1,0,0,0,0,0,0,1,0,0,0,0,0,0,0
3,11161611,1,4.00,A,A,1,1,0,0,0,0,0,0,1,0,0,0,0,0,0,0
3,11161631,1,4.00,A,A,1,1,0,0,0,0,0,0,1,0,0,0,0,0,0,0
3,11161557,1,6.00,A,A,1,1,0,0,0,0,0,0,1,0,0,0,0,0,0,0
3,11161567,1,4.00,O,O,1,1,0,0,0,0,0,0,1,0,0,0,0,0,0,0
3,11161556,1,4.00,O,O,1,1,0,0,0,0,0,0,1,0,0,0,0,0,0,0
3,11161584,1,2.00,O,O,1,1,0,0,0,0,0,0,1,0,0,0,0,0,0,0
3,11161722,1,6.00,2,3,1,1,0,0,0,0,0,0,1,0,0,0,0,0,0,1
3,11161726,1,4.00,2,3,1,1,0,0,0,0,0,0,1,0,0,0,0,0,0,1
3,11161620,1,4.00,2,3,1,1,0,0,0,0,0,0,1,0,0,0,0,0,0,1
3,11161622,1,2.00,2,3,1,1,0,0,0,0,0,0,1,0,0,0,0,0,0,1
3,11161614,1,2.00,2,3,1,1,0,0,0,0,0,0,1,0,0,0,0,0,0,1
3,11163229,1,2.00,A,A,1,0,0,1,0,0,0,0,1,0,0,0,0,0,0,1
3,11163218,1,6.00,A,A,1,0,0,1,0,0,0,0,1,0,0,0,0,0,0,1
3,11163361,1,6.00,A,A,1,0,0,1,0,0,0,0,1,0,0,0,0,0,0,1
3,11163202,1,8.00,A,A,1,0,0,1,0,0,0,0,1,0,0,0,0,0,0,1
3,11163210,10,20.00,A,A,1,0,0,1,0,0,0,0,1,0,0,0,0,0,0,1
3,11163208,3,24.00,A,A,1,0,0,1,0,0,0,0,1,0,0,0,0,0,0,1
3,11163222,1,4.00,A,A,1,0,0,1,0,0,0,0,1,0,0,0,0,0,0,1
3,11163233,1,8.00,A,A,1,0,0,1,0,0,0,0,1,0,0,0,0,0,0,1
3,11163460,1,6.00,A,A,1,0,0,1,0,0,0,0,1,0,0,0,0,0,0,1
3,11163224,1,4.00,A,A,1,0,0,1,0,0,0,0,1,0,0,0,0,0,0,1
3,11163331,1,4.00,A,A,1,0,0,1,0,0,0,0,1,0,0,0,0,0,0,1
3,11163230,1,8.00,A,A,1,0,0,1,0,0,0,0,1,0,0,0,0,0,0,1
3,11163246,1,4.00,A,A,1,0,0,1,0,0,0,0,1,0,0,0,0,0,0,1
3,11163236,1,8.00,A,A,1,0,0,1,0,0,0,0,1,0,0,0,0,0,0,1
3,11163332,1,4.00,A,A,1,0,0,1,0,0,0,0,1,0,0,0,0,0,0,1
3,11163373,1,2.00,A,A,1,0,0,1,0,0,0,0,1,0,0,0,0,0,0,1
3,11163199,1,4.00,A,A,1,0,0,1,0,0,0,0,1,0,0,0,0,0,0,1
3,11163200,1,6.00,A,A,1,0,0,1,0,0,0,0,1,0,0,0,0,0,0,1
3,11163184,1,4.00,A,A,1,0,0,1,0,0,0,0,1,0,0,0,0,0,0,1
3,11163187,1,2.00,A,A,1,0,0,1,0,0,0,0,1,0,0,0,0,0,0,1
3,11163383,1,4.00,A,A,1,0,0,1,0,0,0,0,1,0,0,0,0,0,0,1
3,11163280,1,8.00,A,A,1,0,0,1,0,0,0,0,1,0,0,0,0,0,0,1
3,11163193,1,8.00,A,A,1,0,0,1,0,0,0,0,1,0,0,0,0,0,0,1
3,11163194,1,6.00,A,A,1,0,0,1,0,0,0,0,1,0,0,0,0,0,0,1
3,11163277,2,8.00,A,A,1,0,0,1,0,0,0,0,1,0,0,0,0,0,0,1
3,11163276,1,6.00,A,A,1,0,0,1,0,0,0,0,1,0,0,0,0,0,0,1
3,11163261,4,32.00,A,A,1,0,0,1,0,0,0,0,1,0,0,0,0,0,0,1
3,11163209,1,6.00,A,A,1,0,0,1,0,0,0,0,1,0,0,0,0,0,0,1
3,11163258,1,8.00,O,O,1,0,0,1,0,0,0,0,1,0,0,0,0,0,0,1
3,11163444,1,6.00,O,O,1,0,0,1,0,0,0,0,1,0,0,0,0,0,0,1
3,11163413,1,2.00,O,O,1,0,0,1,0,0,0,0,1,0,0,0,0,0,0,1
3,11163191,1,6.00,2,3,1,0,0,1,0,0,0,0,1,0,0,0,0,0,0,1
3,11163220,1,2.00,O,O,1,0,0,1,0,0,0,0,1,0,0,0,0,0,0,1
3,11163243,1,2.00,O,O,1,0,0,1,0,0,0,0,1,0,0,0,0,0,0,1
3,11161593,1,4.00,A,A,1,1,0,0,0,0,0,0,1,0,0,0,0,0,0,0
3,11161493,1,4.00,2,3,1,1,0,0,0,0,0,0,1,0,0,0,0,0,0,1
3,11161473,1,4.00,2,3,1,1,0,0,0,0,0,0,1,0,0,0,0,0,0,1
3,11161573,1,4.00,2,3,1,1,0,0,0,0,0,0,1,0,0,0,0,0,0,1
3,11161451,1,4.00,2,3,1,1,0,0,0,0,0,0,1,0,0,0,0,0,0,1
3,11161464,1,2.00,2,3,1,1,0,0,0,0,0,0,1,0,0,0,0,0,0,1
3,11161449,1,2.00,2,3,1,1,0,0,0,0,0,0,1,0,0,0,0,0,0,1
3,11161588,1,4.00,A,A,1,1,0,0,0,0,0,0,1,0,0,0,0,0,0,0
3,11161563,1,2.00,A,A,1,1,0,0,0,0,0,0,1,0,0,0,0,0,0,0
3,11161531,1,6.00,A,A,1,1,0,0,0,0,0,0,1,0,0,0,0,0,0,0
3,11161545,1,2.00,A,A,1,1,0,0,0,0,0,0,1,0,0,0,0,0,0,0
3,11161474,1,4.00,A,A,1,1,0,0,0,0,0,0,1,0,0,0,0,0,0,0
3,11161701,1,2.00,A,A,1,1,0,0,0,0,0,0,1,0,0,0,0,0,0,0
3,11161518,2,16.00,A,A,1,1,0,0,0,0,0,0,1,0,0,0,0,0,0,0
3,11161548,1,2.00,O,O,1,1,0,0,0,0,0,0,1,0,0,0,0,0,0,0
3,11161542,1,6.00,O,O,1,1,0,0,0,0,0,0,1,0,0,0,0,0,0,0
3,11161527,1,4.00,O,O,1,1,0,0,0,0,0,0,1,0,0,0,0,0,0,0
3,11161574,1,4.00,O,O,1,1,0,0,0,0,0,0,1,0,0,0,0,0,0,0
3,11161453,1,4.00,2,3,1,1,0,0,0,0,0,0,1,0,0,0,0,0,0,1
3,11161526,1,2.00,2,3,1,1,0,0,0,0,0,0,1,0,0,0,0,0,0,1
3,11161554,1,4.00,2,3,1,1,0,0,0,0,0,0,1,0,0,0,0,0,0,1
3,11161534,1,2.00,2,3,1,1,0,0,0,0,0,0,1,0,0,0,0,0,0,1
3,11161467,1,4.00,2,3,1,1,0,0,0,0,0,0,1,0,0,0,0,0,0,1
3,11161571,1,2.00,2,3,1,1,0,0,0,0,0,0,1,0,0,0,0,0,0,1
3,11161625,1,4.00,A,A,1,1,0,0,0,0,0,0,1,0,0,0,0,0,0,0
3,11161640,2,16.00,A,A,1,1,0,0,0,0,0,0,1,0,0,0,0,0,0,0
3,11161619,2,16.00,A,A,1,1,0,0,0,0,0,0,1,0,0,0,0,0,0,0
3,11163355,1,4.00,2,3,1,0,0,1,0,0,0,0,0,0,1,0,0,0,0,1
3,11163312,1,8.00,A,A,1,0,0,1,0,0,0,0,0,0,1,0,0,0,0,0
3,11163256,2,16.00,A,A,1,0,0,1,0,0,0,0,0,0,1,0,0,0,0,0
3,11163254,1,4.00,A,A,1,0,0,1,0,0,0,0,0,0,1,0,0,0,0,0
3,11163308,1,8.00,A,A,1,0,0,1,0,0,0,0,0,0,1,0,0,0,0,0
3,11163485,2,16.00,A,A,1,0,0,1,0,0,0,0,0,0,1,0,0,0,0,0
3,11163301,2,16.00,A,A,1,0,0,1,0,0,0,0,0,0,1,0,0,0,0,0
3,11163293,1,6.00,A,A,1,0,0,1,0,0,0,0,0,0,1,0,0,0,0,0
3,11163403,1,4.00,A,A,1,0,0,1,0,0,0,0,0,0,1,0,0,0,0,0
3,11163299,4,32.00,A,A,1,0,0,1,0,0,0,0,0,0,1,0,0,0,0,0
3,11163344,1,4.00,A,A,1,0,0,1,0,0,0,0,0,0,1,0,0,0,0,0
3,11163300,1,2.00,A,A,1,0,0,1,0,0,0,0,0,0,1,0,0,0,0,0
3,11163390,1,4.00,A,A,1,0,0,1,0,0,0,0,0,0,1,0,0,0,0,0
3,11163556,2,16.00,A,A,1,0,0,1,0,0,0,0,0,0,1,0,0,0,0,0
3,11163339,1,4.00,A,A,1,0,0,1,0,0,0,0,0,0,1,0,0,0,0,0
3,11163311,1,4.00,O,O,1,0,0,1,0,0,0,0,0,0,1,0,0,0,0,0
3,11163341,1,6.00,O,O,1,0,0,1,0,0,0,0,0,0,1,0,0,0,0,0
3,11163387,1,2.00,O,O,1,0,0,1,0,0,0,0,0,0,1,0,0,0,0,0
3,11163297,1,2.00,O,O,1,0,0,1,0,0,0,0,0,0,1,0,0,0,0,0
3,11163349,1,4.00,O,O,1,0,0,1,0,0,0,0,0,0,1,0,0,0,0,0
3,11163392,1,4.00,O,O,1,0,0,1,0,0,0,0,0,0,1,0,0,0,0,0
3,11163431,1,4.00,O,O,1,0,0,1,0,0,0,0,0,0,1,0,0,0,0,0
3,11163310,1,6.00,2,3,1,0,0,1,0,0,0,0,0,0,1,0,0,0,0,1
3,11163571,1,2.00,2,3,1,0,0,1,0,0,0,0,0,0,1,0,0,0,0,1
3,11163568,1,2.00,2,3,1,0,0,1,0,0,0,0,0,0,1,0,0,0,0,1
3,11163570,1,2.00,2,3,1,0,0,1,0,0,0,0,0,0,1,0,0,0,0,1
3,11163330,1,4.00,2,3,1,0,0,1,0,0,0,0,0,0,1,0,0,0,0,1
3,11163378,1,2.00,2,3,1,0,0,1,0,0,0,0,0,0,1,0,0,0,0,1
3,11163356,1,4.00,2,3,1,0,0,1,0,0,0,0,0,0,1,0,0,0,0,1
3,11163309,1,2.00,2,3,1,0,0,1,0,0,0,0,0,0,1,0,0,0,0,1
3,11163307,1,2.00,2,3,1,0,0,1,0,0,0,0,0,0,1,0,0,0,0,1
3,11163262,1,2.00,O,O,1,0,0,1,0,0,0,0,0,0,1,0,0,0,0,0
3,11163419,1,8.00,A,A,1,0,0,1,0,0,0,0,0,0,1,0,0,0,0,0
3,11163251,1,8.00,A,A,1,0,0,1,0,0,0,0,0,0,1,0,0,0,0,0
3,11163259,2,16.00,A,A,1,0,0,1,0,0,0,0,0,0,1,0,0,0,0,0
3,11163283,1,2.00,A,A,1,0,0,1,0,0,0,0,0,0,1,0,0,0,0,0
3,11163555,1,2.00,A,A,1,0,0,1,0,0,0,0,0,0,1,0,0,0,0,0
3,11163290,6,48.00,A,A,1,0,0,1,0,0,0,0,0,0,1,0,0,0,0,0
3,11163395,1,6.00,A,A,1,0,0,1,0,0,0,0,0,0,1,0,0,0,0,0
3,11163563,1,6.00,O,O,1,0,0,1,0,0,0,0,0,0,1,0,0,0,0,0
3,11163393,1,4.00,O,O,1,0,0,1,0,0,0,0,0,0,1,0,0,0,0,0
3,11163266,1,2.00,O,O,1,0,0,1,0,0,0,0,0,0,1,0,0,0,0,0
3,11163267,1,2.00,O,O,1,0,0,1,0,0,0,0,0,0,1,0,0,0,0,0
3,11163252,1,8.00,O,O,1,0,0,1,0,0,0,0,0,0,1,0,0,0,0,0
3,11163263,1,2.00,2,3,1,0,0,1,0,0,0,0,0,0,1,0,0,0,0,1
3,11163286,2,16.00,O,O,1,0,0,1,0,0,0,0,0,0,1,0,0,0,0,0
3,11163315,1,2.00,O,O,1,0,0,1,0,0,0,0,0,0,1,0,0,0,0,0
3,11163239,1,2.00,O,O,1,0,0,1,0,0,0,0,0,0,1,0,0,0,0,0
3,11163245,1,4.00,O,O,1,0,0,1,0,0,0,0,0,0,1,0,0,0,0,0
3,11163363,4,32.00,A,A,1,0,0,1,0,0,0,0,0,0,1,0,0,0,0,0
3,11161460,1,4.00,2,3,1,1,0,0,0,0,0,0,0,0,0,1,0,0,0,1
3,11164285,1,6.00,A,A,1,0,0,0,1,0,0,0,0,0,0,1,0,0,0,0
3,11164156,1,4.00,A,A,1,0,0,0,1,0,0,0,0,0,0,1,0,0,0,0
3,11164155,1,2.00,A,A,1,0,0,0,1,0,0,0,0,0,0,1,0,0,0,0
3,11164170,1,6.00,A,A,1,0,0,0,1,0,0,0,0,0,0,1,0,0,0,0
3,11164160,1,6.00,A,A,1,0,0,0,1,0,0,0,0,0,0,1,0,0,0,0
3,11164166,1,6.00,A,A,1,0,0,0,1,0,0,0,0,0,0,1,0,0,0,0
3,11161488,1,8.00,A,A,1,1,0,0,0,0,0,0,0,0,0,1,0,0,0,1
3,11161486,1,8.00,O,O,1,1,0,0,0,0,0,0,0,0,0,1,0,0,0,1
3,11161434,1,4.00,O,O,1,1,0,0,0,0,0,0,0,0,0,1,0,0,0,1
3,11161430,1,4.00,O,O,1,1,0,0,0,0,0,0,0,0,0,1,0,0,0,1
3,11161433,1,4.00,O,O,1,1,0,0,0,0,0,0,0,0,0,1,0,0,0,1
3,11164161,1,4.00,O,O,1,0,0,0,1,0,0,0,0,0,0,1,0,0,0,0
3,11164157,1,6.00,O,O,1,0,0,0,1,0,0,0,0,0,0,1,0,0,0,0
3,11161440,1,6.00,2,3,1,1,0,0,0,0,0,0,0,0,0,1,0,0,0,1
3,11161439,1,2.00,2,3,1,1,0,0,0,0,0,0,0,0,0,1,0,0,0,1
3,11161452,1,4.00,2,3,1,1,0,0,0,0,0,0,0,0,0,1,0,0,0,1
3,11164151,1,6.00,2,3,1,0,0,0,1,0,0,0,0,0,0,1,0,0,0,1
3,11164150,1,2.00,2,3,1,0,0,0,1,0,0,0,0,0,0,1,0,0,0,1
3,11164144,1,2.00,2,3,1,0,0,0,1,0,0,0,0,0,0,1,0,0,0,1
3,11164169,1,4.00,2,3,1,0,0,0,1,0,0,0,0,0,0,1,0,0,0,1
3,11164208,1,2.00,2,3,1,0,0,0,1,0,0,0,0,0,0,1,0,0,0,1
3,11164140,1,2.00,2,3,1,0,0,0,1,0,0,0,0,0,0,1,0,0,0,1
3,11164171,1,2.00,2,3,1,0,0,0,1,0,0,0,0,0,0,1,0,0,0,1
3,11164248,1,4.00,A,A,1,0,0,0,1,0,0,0,0,0,0,1,0,0,0,0
3,11164497,1,4.00,A,A,1,0,0,0,1,0,0,0,0,0,0,1,0,0,0,0
3,11164235,1,6.00,A,A,1,0,0,0,1,0,0,0,0,0,0,1,0,0,0,0
3,11164268,1,6.00,A,A,1,0,0,0,1,0,0,0,0,0,0,1,0,0,0,0
3,11162360,1,8.00,A,A,1,0,0,0,1,0,0,0,0,0,0,1,0,0,0,0
3,11162336,2,12.00,A,A,1,0,0,0,1,0,0,0,0,0,0,1,0,0,0,0
3,11164278,1,4.00,A,A,1,0,0,0,1,0,0,0,0,0,0,1,0,0,0,0
3,11164338,1,2.00,A,A,1,0,0,0,1,0,0,0,0,0,0,1,0,0,0,0
3,11164232,1,6.00,A,A,1,0,0,0,1,0,0,0,0,0,0,1,0,0,0,0
3,11164293,1,2.00,A,A,1,0,0,0,1,0,0,0,0,0,0,1,0,0,0,0
3,11164242,1,6.00,A,A,1,0,0,0,1,0,0,0,0,0,0,1,0,0,0,0
3,11164276,1,2.00,A,A,1,0,0,0,1,0,0,0,0,0,0,1,0,0,0,0
3,11164274,4,8.00,A,A,1,0,0,0,1,0,0,0,0,0,0,1,0,0,0,0
3,11164211,1,2.00,O,O,1,0,0,0,1,0,0,0,0,0,0,1,0,0,0,0
3,11164202,1,4.00,O,O,1,0,0,0,1,0,0,0,0,0,0,1,0,0,0,0
3,11164220,1,2.00,O,O,1,0,0,0,1,0,0,0,0,0,0,1,0,0,0,0
3,11164209,1,2.00,O,O,1,0,0,0,1,0,0,0,0,0,0,1,0,0,0,0
3,11164241,1,2.00,O,O,1,0,0,0,1,0,0,0,0,0,0,1,0,0,0,0
3,11164397,1,2.00,2,3,1,0,0,0,1,0,0,0,0,0,0,1,0,0,0,1
3,11164249,1,6.00,2,3,1,0,0,0,1,0,0,0,0,0,0,1,0,0,0,1
3,11164275,1,4.00,2,3,1,0,0,0,1,0,0,0,0,0,0,1,0,0,0,1
3,11164195,1,4.00,2,3,1,0,0,0,1,0,0,0,0,0,0,1,0,0,0,1
3,11164253,1,2.00,2,3,1,0,0,0,1,0,0,0,0,0,0,1,0,0,0,1
3,11161508,1,4.00,A,A,1,1,0,0,0,0,0,0,0,0,0,1,0,0,0,1
3,11161506,1,4.00,O,O,1,1,0,0,0,0,0,0,0,0,0,1,0,0,0,1
3,11161505,1,2.00,O,O,1,1,0,0,0,0,0,0,0,0,0,1,0,0,0,1
3,11161538,1,4.00,O,O,1,1,0,0,0,0,0,0,0,0,0,1,0,0,0,1
3,11161521,1,4.00,O,O,1,1,0,0,0,0,0,0,0,0,0,1,0,0,0,1
3,11161516,1,2.00,2,3,1,1,0,0,0,0,0,0,0,0,0,1,0,0,0,1
3,11161496,1,2.00,2,3,1,1,0,0,0,0,0,0,0,0,0,1,0,0,0,1
3,11161504,1,4.00,2,3,1,1,0,0,0,0,0,0,0,0,0,1,0,0,0,1
3,11161604,1,2.00,2,3,1,1,0,0,0,0,0,0,0,0,0,1,0,0,0,1
3,11163291,1,4.00,2,3,1,0,0,1,0,0,0,0,0,0,0,1,0,0,0,1
3,11163304,1,4.00,2,3,1,0,0,1,0,0,0,0,0,0,0,1,0,0,0,1
3,11163244,1,2.00,2,3,1,0,0,1,0,0,0,0,0,0,0,1,0,0,0,1
3,11163294,1,2.00,2,3,1,0,0,1,0,0,0,0,0,0,0,1,0,0,0,1
3,11163303,1,6.00,2,3,1,0,0,1,0,0,0,0,0,0,0,1,0,0,0,1
3,11163325,1,2.00,2,3,1,0,0,1,0,0,0,0,0,0,0,1,0,0,0,1
3,11161512,1,4.00,2,3,1,1,0,0,0,0,0,0,0,0,0,1,0,0,0,1
3,11161499,1,2.00,2,3,1,1,0,0,0,0,0,0,0,0,0,1,0,0,0,1
3,11161501,1,4.00,2,3,1,1,0,0,0,0,0,0,0,0,0,1,0,0,0,1
3,11161485,1,2.00,2,3,1,1,0,0,0,0,0,0,0,0,0,1,0,0,0,1
3,11161489,1,4.00,2,3,1,1,0,0,0,0,0,0,0,0,0,1,0,0,0,1
3,11161490,1,6.00,O,O,1,1,0,0,0,0,0,0,0,0,0,1,0,0,0,1
3,11161492,1,4.00,2,3,1,1,0,0,0,0,0,0,0,0,0,1,0,0,0,1
3,11161484,1,2.00,2,3,1,1,0,0,0,0,0,0,0,0,0,1,0,0,0,1
3,11161509,1,2.00,2,3,1,1,0,0,0,0,0,0,0,0,0,1,0,0,0,1
3,11161482,1,2.00,2,3,1,1,0,0,0,0,0,0,0,0,0,1,0,0,0,1
4,11163217,1,6.00,O,E,1,0,0,1,0,0,0,0,1,0,0,0,0,0,0,1
4,11163218,1,6.00,A,A,1,0,0,1,0,0,0,0,1,0,0,0,0,0,0,1
4,11163361,1,6.00,A,A,1,0,0,1,0,0,0,0,1,0,0,0,0,0,0,1
4,11163229,1,2.00,A,A,1,0,0,1,0,0,0,0,1,0,0,0,0,0,0,1
4,11163202,1,8.00,A,A,1,0,0,1,0,0,0,0,1,0,0,0,0,0,0,1
4,11163210,10,20.00,A,A,1,0,0,1,0,0,0,0,1,0,0,0,0,0,0,1
4,11163208,3,24.00,A,A,1,0,0,1,0,0,0,0,1,0,0,0,0,0,0,1
4,11163222,1,4.00,A,A,1,0,0,1,0,0,0,0,1,0,0,0,0,0,0,1
4,11163233,1,8.00,A,A,1,0,0,1,0,0,0,0,1,0,0,0,0,0,0,1
4,11163460,1,6.00,A,A,1,0,0,1,0,0,0,0,1,0,0,0,0,0,0,1
4,11163224,1,4.00,A,A,1,0,0,1,0,0,0,0,1,0,0,0,0,0,0,1
4,11163331,1,4.00,A,A,1,0,0,1,0,0,0,0,1,0,0,0,0,0,0,1
4,11163230,1,8.00,A,A,1,0,0,1,0,0,0,0,1,0,0,0,0,0,0,1
4,11163246,1,4.00,A,A,1,0,0,1,0,0,0,0,1,0,0,0,0,0,0,1
4,11163236,1,8.00,A,A,1,0,0,1,0,0,0,0,1,0,0,0,0,0,0,1
4,11163332,1,4.00,A,A,1,0,0,1,0,0,0,0,1,0,0,0,0,0,0,1
4,11163373,1,2.00,A,A,1,0,0,1,0,0,0,0,1,0,0,0,0,0,0,1
4,11163199,1,4.00,A,A,1,0,0,1,0,0,0,0,1,0,0,0,0,0,0,1
4,11163200,1,6.00,A,A,1,0,0,1,0,0,0,0,1,0,0,0,0,0,0,1
4,11163184,1,4.00,A,A,1,0,0,1,0,0,0,0,1,0,0,0,0,0,0,1
4,11163187,1,2.00,A,A,1,0,0,1,0,0,0,0,1,0,0,0,0,0,0,1
4,11163383,1,4.00,A,A,1,0,0,1,0,0,0,0,1,0,0,0,0,0,0,1
4,11163280,1,8.00,A,A,1,0,0,1,0,0,0,0,1,0,0,0,0,0,0,1
4,11163193,1,8.00,A,A,1,0,0,1,0,0,0,0,1,0,0,0,0,0,0,1
4,11163194,1,6.00,A,A,1,0,0,1,0,0,0,0,1,0,0,0,0,0,0,1
4,11163277,2,8.00,A,A,1,0,0,1,0,0,0,0,1,0,0,0,0,0,0,1
4,11163276,1,6.00,A,A,1,0,0,1,0,0,0,0,1,0,0,0,0,0,0,1
4,11163261,4,32.00,A,A,1,0,0,1,0,0,0,0,1,0,0,0,0,0,0,1
4,11163209,1,6.00,A,A,1,0,0,1,0,0,0,0,1,0,0,0,0,0,0,1
4,11163197,1,4.00,O,E,1,0,0,1,0,0,0,0,1,0,0,0,0,0,0,1
4,11163215,1,6.00,O,E,1,0,0,1,0,0,0,0,1,0,0,0,0,0,0,1
4,11163201,1,4.00,O,E,1,0,0,1,0,0,0,0,1,0,0,0,0,0,0,1
4,11163213,1,2.00,O,E,1,0,0,1,0,0,0,0,1,0,0,0,0,0,0,1
4,11163221,1,4.00,O,E,1,0,0,1,0,0,0,0,1,0,0,0,0,0,0,1
4,11163203,1,8.00,O,E,1,0,0,1,0,0,0,0,1,0,0,0,0,0,0,1
4,11163211,1,4.00,O,E,1,0,0,1,0,0,0,0,1,0,0,0,0,0,0,1
4,11163494,1,4.00,O,E,1,0,0,1,0,0,0,0,1,0,0,0,0,0,0,1
4,11163237,1,4.00,O,E,1,0,0,1,0,0,0,0,1,0,0,0,0,0,0,1
4,11163232,1,4.00,2,4,1,0,0,1,0,0,0,0,1,0,0,0,0,0,0,1
4,11163196,1,6.00,2,4,1,0,0,1,0,0,0,0,1,0,0,0,0,0,0,1
4,11163457,1,6.00,2,4,1,0,0,1,0,0,0,0,1,0,0,0,0,0,0,1
4,11161544,1,2.00,O,E,1,1,0,0,0,0,0,0,1,0,0,0,0,0,0,1
4,11161593,1,4.00,A,A,1,1,0,0,0,0,0,0,1,0,0,0,0,0,0,0
4,11161588,1,4.00,A,A,1,1,0,0,0,0,0,0,1,0,0,0,0,0,0,0
4,11161563,1,2.00,A,A,1,1,0,0,0,0,0,0,1,0,0,0,0,0,0,0
4,11161531,1,6.00,A,A,1,1,0,0,0,0,0,0,1,0,0,0,0,0,0,0
4,11161545,1,2.00,A,A,1,1,0,0,0,0,0,0,1,0,0,0,0,0,0,0
4,11161474,1,4.00,A,A,1,1,0,0,0,0,0,0,1,0,0,0,0,0,0,0
4,11161701,1,2.00,A,A,1,1,0,0,0,0,0,0,1,0,0,0,0,0,0,0
4,11161518,2,16.00,A,A,1,1,0,0,0,0,0,0,1,0,0,0,0,0,0,0
4,11161561,1,6.00,O,E,1,1,0,0,0,0,0,0,1,0,0,0,0,0,0,1
4,11161491,1,4.00,O,E,1,1,0,0,0,0,0,0,1,0,0,0,0,0,0,1
4,11161565,1,4.00,2,4,1,1,0,0,0,0,0,0,1,0,0,0,0,0,0,1
4,11161519,1,6.00,2,4,1,1,0,0,0,0,0,0,1,0,0,0,0,0,0,1
4,11161520,1,4.00,2,4,1,1,0,0,0,0,0,0,1,0,0,0,0,0,0,1
4,11161631,1,4.00,A,A,1,1,0,0,0,0,0,0,1,0,0,0,0,0,0,0
4,11161629,1,4.00,O,E,1,1,0,0,0,0,0,0,1,0,0,0,0,0,0,1
4,11161612,1,4.00,2,4,1,1,0,0,0,0,0,0,1,0,0,0,0,0,0,1
4,11161600,1,6.00,A,A,1,1,0,0,0,0,0,0,1,0,0,0,0,0,0,0
4,11161611,1,4.00,A,A,1,1,0,0,0,0,0,0,1,0,0,0,0,0,0,0
4,11161601,2,12.00,O,E,1,1,0,0,0,0,0,0,1,0,0,0,0,0,0,1
4,11161606,1,4.00,O,E,1,1,0,0,0,0,0,0,1,0,0,0,0,0,0,1
4,11161557,1,6.00,A,A,1,1,0,0,0,0,0,0,1,0,0,0,0,0,0,0
4,11161640,2,16.00,A,A,1,1,0,0,0,0,0,0,1,0,0,0,0,0,0,0
4,11161625,1,4.00,A,A,1,1,0,0,0,0,0,0,1,0,0,0,0,0,0,0
4,11161619,2,16.00,A,A,1,1,0,0,0,0,0,0,1,0,0,0,0,0,0,0
4,11163302,1,2.00,2,4,1,0,0,1,0,0,0,0,0,0,1,0,0,0,0,1
4,11163363,4,32.00,A,A,1,0,0,1,0,0,0,0,0,0,1,0,0,0,0,0
4,11163370,1,4.00,O,E,1,0,0,1,0,0,0,0,0,0,1,0,0,0,0,1
4,11163305,1,4.00,O,E,1,0,0,1,0,0,0,0,0,0,1,0,0,0,0,1
4,11163358,1,4.00,2,4,1,0,0,1,0,0,0,0,0,0,1,0,0,0,0,1
4,11163235,1,6.00,2,4,1,0,0,1,0,0,0,0,0,0,1,0,0,0,0,1
4,11163248,1,2.00,2,4,1,0,0,1,0,0,0,0,0,0,1,0,0,0,0,1
4,11163207,1,2.00,2,4,1,0,0,1,0,0,0,0,0,0,1,0,0,0,0,1
4,11163400,1,6.00,2,4,1,0,0,1,0,0,0,0,0,0,1,0,0,0,0,1
4,11163396,1,6.00,E,E,1,0,0,1,0,0,0,0,0,0,1,0,0,0,0,0
4,11161580,1,4.00,O,E,1,1,0,0,0,0,0,0,0,0,1,0,0,0,0,1
4,11163324,1,6.00,2,4,1,0,0,1,0,0,0,0,0,0,1,0,0,0,0,1
4,11163337,1,8.00,2,4,1,0,0,1,0,0,0,0,0,0,1,0,0,0,0,1
4,11163338,1,2.00,2,4,1,0,0,1,0,0,0,0,0,0,1,0,0,0,0,1
4,11163219,1,4.00,2,4,1,0,0,1,0,0,0,0,0,0,1,0,0,0,0,1
4,11163407,1,4.00,2,4,1,0,0,1,0,0,0,0,0,0,1,0,0,0,0,1
4,11163343,1,4.00,2,4,1,0,0,1,0,0,0,0,0,0,1,0,0,0,0,1
4,11163234,1,2.00,2,4,1,0,0,1,0,0,0,0,0,0,1,0,0,0,0,1
4,11163188,1,2.00,2,4,1,0,0,1,0,0,0,0,0,0,1,0,0,0,0,1
4,11163272,1,2.00,2,4,1,0,0,1,0,0,0,0,0,0,1,0,0,0,0,1
4,11163323,1,2.00,2,4,1,0,0,1,0,0,0,0,0,0,1,0,0,0,0,1
4,11163345,1,2.00,E,E,1,0,0,1,0,0,0,0,0,0,1,0,0,0,0,0
4,11163371,1,2.00,2,4,1,0,0,1,0,0,0,0,0,0,1,0,0,0,0,1
4,11163346,1,2.00,2,4,1,0,0,1,0,0,0,0,0,0,1,0,0,0,0,1
4,11163295,1,4.00,2,4,1,0,0,1,0,0,0,0,0,0,1,0,0,0,0,1
4,11163249,1,2.00,2,4,1,0,0,1,0,0,0,0,0,0,1,0,0,0,0,1
4,11163556,2,16.00,A,A,1,0,0,1,0,0,0,0,0,0,1,0,0,0,0,0
4,11163339,1,4.00,A,A,1,0,0,1,0,0,0,0,0,0,1,0,0,0,0,0
4,11163340,1,4.00,O,E,1,0,0,1,0,0,0,0,0,0,1,0,0,0,0,1
4,11163348,1,6.00,E,E,1,0,0,1,0,0,0,0,0,0,1,0,0,0,0,0
4,11163430,1,6.00,2,4,1,0,0,1,0,0,0,0,0,0,1,0,0,0,0,1
4,11163256,2,16.00,A,A,1,0,0,1,0,0,0,0,0,0,1,0,0,0,0,0
4,11163254,1,4.00,A,A,1,0,0,1,0,0,0,0,0,0,1,0,0,0,0,0
4,11163247,1,2.00,O,E,1,0,0,1,0,0,0,0,0,0,1,0,0,0,0,1
4,11163365,1,4.00,O,E,1,0,0,1,0,0,0,0,0,0,1,0,0,0,0,1
4,11163314,1,2.00,2,4,1,0,0,1,0,0,0,0,0,0,1,0,0,0,0,1
4,11163308,1,8.00,A,A,1,0,0,1,0,0,0,0,0,0,1,0,0,0,0,0
4,11163485,2,16.00,A,A,1,0,0,1,0,0,0,0,0,0,1,0,0,0,0,0
4,11163301,2,16.00,A,A,1,0,0,1,0,0,0,0,0,0,1,0,0,0,0,0
4,11163293,1,6.00,A,A,1,0,0,1,0,0,0,0,0,0,1,0,0,0,0,0
4,11163403,1,4.00,A,A,1,0,0,1,0,0,0,0,0,0,1,0,0,0,0,0
4,11163299,4,32.00,A,A,1,0,0,1,0,0,0,0,0,0,1,0,0,0,0,0
4,11163344,1,4.00,A,A,1,0,0,1,0,0,0,0,0,0,1,0,0,0,0,0
4,11163300,1,2.00,A,A,1,0,0,1,0,0,0,0,0,0,1,0,0,0,0,0
4,11163390,1,4.00,A,A,1,0,0,1,0,0,0,0,0,0,1,0,0,0,0,0
4,11163357,1,2.00,O,E,1,0,0,1,0,0,0,0,0,0,1,0,0,0,0,1
4,11163312,1,8.00,A,A,1,0,0,1,0,0,0,0,0,0,1,0,0,0,0,0
4,11163360,1,4.00,O,E,1,0,0,1,0,0,0,0,0,0,1,0,0,0,0,1
4,11163296,1,4.00,2,4,1,0,0,1,0,0,0,0,0,0,1,0,0,0,0,1
4,11163319,1,2.00,2,4,1,0,0,1,0,0,0,0,0,0,1,0,0,0,0,1
4,11163275,1,6.00,E,E,1,0,0,1,0,0,0,0,0,0,1,0,0,0,0,0
4,11163283,1,2.00,A,A,1,0,0,1,0,0,0,0,0,0,1,0,0,0,0,0
4,11163395,1,6.00,A,A,1,0,0,1,0,0,0,0,0,0,1,0,0,0,0,0
4,11163555,1,2.00,A,A,1,0,0,1,0,0,0,0,0,0,1,0,0,0,0,0
4,11163419,1,8.00,A,A,1,0,0,1,0,0,0,0,0,0,1,0,0,0,0,0
4,11163251,1,8.00,A,A,1,0,0,1,0,0,0,0,0,0,1,0,0,0,0,0
4,11163259,2,16.00,A,A,1,0,0,1,0,0,0,0,0,0,1,0,0,0,0,0
4,11163290,6,48.00,A,A,1,0,0,1,0,0,0,0,0,0,1,0,0,0,0,0
4,11164283,1,8.00,O,E,1,0,0,0,1,0,0,0,0,0,0,1,0,0,0,1
4,11164497,1,4.00,A,A,1,0,0,0,1,0,0,0,0,0,0,1,0,0,0,0
4,11164235,1,6.00,A,A,1,0,0,0,1,0,0,0,0,0,0,1,0,0,0,0
4,11164248,1,4.00,A,A,1,0,0,0,1,0,0,0,0,0,0,1,0,0,0,0
4,11164268,1,6.00,A,A,1,0,0,0,1,0,0,0,0,0,0,1,0,0,0,0
4,11162360,1,8.00,A,A,1,0,0,0,1,0,0,0,0,0,0,1,0,0,0,0
4,11162336,2,12.00,A,A,1,0,0,0,1,0,0,0,0,0,0,1,0,0,0,0
4,11164278,1,4.00,A,A,1,0,0,0,1,0,0,0,0,0,0,1,0,0,0,0
4,11164338,1,2.00,A,A,1,0,0,0,1,0,0,0,0,0,0,1,0,0,0,0
4,11164232,1,6.00,A,A,1,0,0,0,1,0,0,0,0,0,0,1,0,0,0,0
4,11164293,1,2.00,A,A,1,0,0,0,1,0,0,0,0,0,0,1,0,0,0,0
4,11164242,1,6.00,A,A,1,0,0,0,1,0,0,0,0,0,0,1,0,0,0,0
4,11164276,1,2.00,A,A,1,0,0,0,1,0,0,0,0,0,0,1,0,0,0,0
4,11164274,4,8.00,A,A,1,0,0,0,1,0,0,0,0,0,0,1,0,0,0,0
4,11164336,1,2.00,O,E,1,0,0,0,1,0,0,0,0,0,0,1,0,0,0,1
4,11164280,1,4.00,O,E,1,0,0,0,1,0,0,0,0,0,0,1,0,0,0,1
4,11164237,1,2.00,O,E,1,0,0,0,1,0,0,0,0,0,0,1,0,0,0,1
4,11164425,1,4.00,O,E,1,0,0,0,1,0,0,0,0,0,0,1,0,0,0,1
4,11164257,1,8.00,O,E,1,0,0,0,1,0,0,0,0,0,0,1,0,0,0,1
4,11164243,1,8.00,O,E,1,0,0,0,1,0,0,0,0,0,0,1,0,0,0,1
4,11164265,1,6.00,O,E,1,0,0,0,1,0,0,0,0,0,0,1,0,0,0,1
4,11164233,1,8.00,O,E,1,0,0,0,1,0,0,0,0,0,0,1,0,0,0,1
4,11164258,1,6.00,O,E,1,0,0,0,1,0,0,0,0,0,0,1,0,0,0,1
4,11164271,1,4.00,2,4,1,0,0,0,1,0,0,0,0,0,0,1,0,0,0,1
4,11164378,1,4.00,2,4,1,0,0,0,1,0,0,0,0,0,0,1,0,0,0,1
4,11164327,1,4.00,2,4,1,0,0,0,1,0,0,0,0,0,0,1,0,0,0,1
4,11164263,1,4.00,2,4,1,0,0,0,1,0,0,0,0,0,0,1,0,0,0,1
4,11164266,1,2.00,2,4,1,0,0,0,1,0,0,0,0,0,0,1,0,0,0,1
4,11164262,1,2.00,2,4,1,0,0,0,1,0,0,0,0,0,0,1,0,0,0,1
4,11164284,1,2.00,O,E,1,0,0,0,1,0,0,0,0,0,0,1,0,0,0,1
4,11164234,1,4.00,2,4,1,0,0,0,1,0,0,0,0,0,0,1,0,0,0,1
4,11164221,1,2.00,O,E,1,0,0,0,1,0,0,0,0,0,0,1,0,0,0,1
4,11164238,1,2.00,2,4,1,0,0,0,1,0,0,0,0,0,0,1,0,0,0,1
4,11164225,1,4.00,2,4,1,0,0,0,1,0,0,0,0,0,0,1,0,0,0,1
4,11164335,1,4.00,2,4,1,0,0,0,1,0,0,0,0,0,0,1,0,0,0,1
4,11164295,1,2.00,2,4,1,0,0,0,1,0,0,0,0,0,0,1,0,0,0,1
4,11164222,1,2.00,2,4,1,0,0,0,1,0,0,0,0,0,0,1,0,0,0,1
4,11164328,1,4.00,O,E,1,0,0,0,1,0,0,0,0,0,0,1,0,0,0,1
4,11164285,1,6.00,A,A,1,0,0,0,1,0,0,0,0,0,0,1,0,0,0,0
4,11164156,1,4.00,A,A,1,0,0,0,1,0,0,0,0,0,0,1,0,0,0,0
4,11164155,1,2.00,A,A,1,0,0,0,1,0,0,0,0,0,0,1,0,0,0,0
4,11164170,1,6.00,A,A,1,0,0,0,1,0,0,0,0,0,0,1,0,0,0,0
4,11164160,1,6.00,A,A,1,0,0,0,1,0,0,0,0,0,0,1,0,0,0,0
4,11164166,1,6.00,A,A,1,0,0,0,1,0,0,0,0,0,0,1,0,0,0,0
4,11161488,1,8.00,A,A,1,1,0,0,0,0,0,0,0,0,0,1,0,0,0,1
4,11164093,1,2.00,O,E,1,0,0,0,1,0,0,0,0,0,0,1,0,0,0,1
4,11164323,1,4.00,O,E,1,0,0,0,1,0,0,0,0,0,0,1,0,0,0,1
4,11164173,1,2.00,O,E,1,0,0,0,1,0,0,0,0,0,0,1,0,0,0,1
4,11164141,1,4.00,O,E,1,0,0,0,1,0,0,0,0,0,0,1,0,0,0,1
4,11164178,1,2.00,O,E,1,0,0,0,1,0,0,0,0,0,0,1,0,0,0,1
4,11164152,1,6.00,O,E,1,0,0,0,1,0,0,0,0,0,0,1,0,0,0,1
4,11164149,1,4.00,O,E,1,0,0,0,1,0,0,0,0,0,0,1,0,0,0,1
4,11164163,1,2.00,O,E,1,0,0,0,1,0,0,0,0,0,0,1,0,0,0,1
4,11164168,1,4.00,O,E,1,0,0,0,1,0,0,0,0,0,0,1,0,0,0,1
4,11164138,1,2.00,2,4,1,0,0,0,1,0,0,0,0,0,0,1,0,0,0,1
4,11164176,1,2.00,2,4,1,0,0,0,1,0,0,0,0,0,0,1,0,0,0,1
4,11164181,1,4.00,2,4,1,0,0,0,1,0,0,0,0,0,0,1,0,0,0,1
4,11164133,1,4.00,2,4,1,0,0,0,1,0,0,0,0,0,0,1,0,0,0,1
4,11164136,1,6.00,2,4,1,0,0,0,1,0,0,0,0,0,0,1,0,0,0,1
4,11164153,1,6.00,2,4,1,0,0,0,1,0,0,0,0,0,0,1,0,0,0,1
4,11164147,1,2.00,2,4,1,0,0,0,1,0,0,0,0,0,0,1,0,0,0,1
4,11164139,1,2.00,2,4,1,0,0,0,1,0,0,0,0,0,0,1,0,0,0,1
4,11164143,1,4.00,2,4,1,0,0,0,1,0,0,0,0,0,0,1,0,0,0,1
4,11164180,1,2.00,2,4,1,0,0,0,1,0,0,0,0,0,0,1,0,0,0,1
4,11164204,1,6.00,2,4,1,0,0,0,1,0,0,0,0,0,0,1,0,0,0,1
4,11164185,1,2.00,2,4,1,0,0,0,1,0,0,0,0,0,0,1,0,0,0,1
4,11164182,1,6.00,2,4,1,0,0,0,1,0,0,0,0,0,0,1,0,0,0,1
4,11164175,1,4.00,2,4,1,0,0,0,1,0,0,0,0,0,0,1,0,0,0,1
4,11164305,1,2.00,2,4,1,0,0,0,1,0,0,0,0,0,0,1,0,0,0,1
4,11164313,1,4.00,2,4,1,0,0,0,1,0,0,0,0,0,0,1,0,0,0,1
4,11164199,1,6.00,2,4,1,0,0,0,1,0,0,0,0,0,0,1,0,0,0,1
4,11164297,1,4.00,2,4,1,0,0,0,1,0,0,0,0,0,0,1,0,0,0,1
4,11161541,1,2.00,2,4,1,1,0,0,0,0,0,0,0,0,0,1,0,0,0,1
4,11161508,1,4.00,A,A,1,1,0,0,0,0,0,0,0,0,0,1,0,0,0,1
4,11161532,1,6.00,O,E,1,1,0,0,0,0,0,0,0,0,0,1,0,0,0,1
4,11161569,1,4.00,O,E,1,1,0,0,0,0,0,0,0,0,0,1,0,0,0,1
4,11161540,1,2.00,O,E,1,1,0,0,0,0,0,0,0,0,0,1,0,0,0,1
4,11161564,1,4.00,O,E,1,1,0,0,0,0,0,0,0,0,0,1,0,0,0,1
4,11161448,1,6.00,O,E,1,1,0,0,0,0,0,0,0,0,0,1,0,0,0,1
4,11161522,1,8.00,O,E,1,1,0,0,0,0,0,0,0,0,0,1,0,0,0,1
4,11161530,1,2.00,2,4,1,1,0,0,0,0,0,0,0,0,0,1,0,0,0,1
4,11161523,1,2.00,2,4,1,1,0,0,0,0,0,0,0,0,0,1,0,0,0,1
4,11161543,1,4.00,2,4,1,1,0,0,0,0,0,0,0,0,0,1,0,0,0,1
4,11164325,1,2.00,E,E,1,0,0,0,1,0,0,0,0,0,0,1,0,0,0,0
4,11164135,1,4.00,O,E,1,0,0,0,1,0,0,0,0,0,0,1,0,0,0,1
4,11164254,1,2.00,O,E,1,0,0,0,1,0,0,0,0,0,0,1,0,0,0,1
4,11164259,1,6.00,2,4,1,0,0,0,1,0,0,0,0,0,0,1,0,0,0,1
4,11164270,1,6.00,O,E,1,0,0,0,1,0,0,0,0,0,0,1,0,0,0,1
4,11164231,1,2.00,O,E,1,0,0,0,1,0,0,0,0,0,0,1,0,0,0,1
4,11164203,1,2.00,O,E,1,0,0,0,1,0,0,0,0,0,0,1,0,0,0,1
4,11164217,1,4.00,2,4,1,0,0,0,1,0,0,0,0,0,0,1,0,0,0,1
4,11164314,1,6.00,2,4,1,0,0,0,1,0,0,0,0,0,0,1,0,0,0,1
4,11164287,1,4.00,2,4,1,0,0,0,1,0,0,0,0,0,0,1,0,0,0,1
4,11164245,1,4.00,2,4,1,0,0,0,1,0,0,0,0,0,0,1,0,0,0,1
4,11164210,1,4.00,2,4,1,0,0,0,1,0,0,0,0,0,0,1,0,0,0,1
4,11164213,1,2.00,2,4,1,0,0,0,1,0,0,0,0,0,0,1,0,0,0,1
